"FilePath","ProcessingTime","OriginalSize_MB","SizeAfterReencoding_MB","SpaceSaved_MB","PercentageReduction","OriginalCodec"
"E:\rua - davince.mp4","9.30","223.69","32.49","-191.20","-85.48","h264"
"E:\rua - original.mp4","5.59","103.97","9.42","-94.55","-90.94","h264"
"E:\Amici\IMG_8674-Original.mp4","13.24","131.53","17.87","-113.66","-86.41","h264"
"E:\Amici\IMG_8674.mp4","12.43","112.35","15.01","-97.34","-86.64","h264"
"E:\Amici\novo amici\DJI_20201117_160454_070_video.mp4","2.64","105.69","13.16","-92.53","-87.55","h264"
"E:\Amici\novo amici\DJI_20201117_160655_675_video.mp4","4.24","153.05","18.35","-134.71","-88.01","h264"
"E:\Amici\novo amici\DJI_20201117_161422_940_video.mp4","2.87","120.73","16.02","-104.71","-86.73","h264"
"E:\Amici\novo amici\DJI_20201202_164422_361_video.mp4","22.80","194.06","25.03","-169.04","-87.10","h264"
"E:\Amici\novo amici\DJI_20201202_164544_565_video.mp4","36.39","577.63","32.95","-544.68","-94.30","h264"
"E:\Backup\Autodromo Portimao\ber20210921_180524076_RNONE-363.mkv","16.28","581.25","223.03","-358.22","-61.63","h264"
"E:\Backup\Autodromo Portimao\GOPR0001.mp4","42.62","1435.25","114.81","-1320.44","-92.00","h264"
"E:\Backup\Autodromo Portimao\GOPR0002.mp4","64.14","2124.43","168.95","-1955.47","-92.05","h264"
"E:\Backup\Autodromo Portimao\autodoromo\20210921_173448.mp4","3.63","128.39","21.84","-106.54","-82.99","h264"
"E:\Backup\Autodromo Portimao\autodoromo\20210921_174443.mp4","11.60","427.91","71.78","-356.13","-83.23","h264"
"E:\Backup\Autodromo Portimao\autodoromo\20210921_175220.mp4","3.15","103.80","17.49","-86.31","-83.15","h264"
"E:\Backup\Autodromo Portimao\autodoromo\20210921_175458.mp4","3.71","124.21","21.16","-103.05","-82.96","h264"
"E:\Backup\Autodromo Portimao\autodoromo\20210921_175922.mp4","3.92","136.51","23.90","-112.61","-82.49","h264"
"E:\Backup\Autodromo Portimao\autodoromo\20210921_180208.mp4","5.16","189.42","31.72","-157.70","-83.26","h264"
"E:\Backup\backup iphone\20210921_174443-Original.mp4","20.67","115.67","68.05","-47.61","-41.16","h264"
"E:\Backup\backup iphone\20210921_174443.mp4","20.53","115.67","68.05","-47.61","-41.16","h264"
"E:\Backup\backup iphone\IMG_0676.mp4","27.50","139.21","39.51","-99.70","-71.62","h264"
"E:\Backup\backup iphone\IMG_4272.mp4","68.58","190.21","175.68","-14.53","-7.64","h264"
"E:\Backup\backup iphone\IMG_8674-Original.mp4","13.74","131.53","17.87","-113.66","-86.41","h264"
"E:\Backup\backup iphone\IMG_8674.mp4","12.42","112.35","15.01","-97.34","-86.64","h264"
"E:\Backup\backup iphone\IMG_9526-Original.mp4","22.53","122.81","35.21","-87.60","-71.33","h264"
"E:\Backup\backup iphone\IMG_9594-Original.mp4","18.50","111.31","29.43","-81.88","-73.56","h264"
"E:\Backup\BACKUP IPHONE 10-2021\20210116_130059.mp4","2.17","133.44","8.41","-125.03","-93.69","h264"
"E:\Backup\BACKUP IPHONE 10-2021\DJI_20201117_160454_070_video.mp4","2.70","105.69","13.16","-92.53","-87.55","h264"
"E:\Backup\BACKUP IPHONE 10-2021\DJI_20201117_160655_675_video.mp4","3.90","153.05","18.35","-134.71","-88.01","h264"
"E:\Backup\BACKUP IPHONE 10-2021\DJI_20201117_161422_940_video.mp4","2.76","120.73","16.02","-104.71","-86.73","h264"
"E:\Backup\BACKUP IPHONE 10-2021\DJI_20201202_163931_489_video.mp4","13.33","203.56","12.30","-191.26","-93.96","h264"
"E:\Backup\BACKUP IPHONE 10-2021\DJI_20201202_164148_885_video.mp4","23.00","362.55","21.03","-341.51","-94.20","h264"
"E:\Backup\BACKUP IPHONE 10-2021\DJI_20201202_164422_361_video.mp4","23.22","194.06","25.03","-169.04","-87.10","h264"
"E:\Backup\BACKUP IPHONE 10-2021\DJI_20201202_164544_565_video.mp4","36.22","577.63","32.95","-544.68","-94.30","h264"
"E:\Backup\BACKUP IPHONE 10-2021\IMG_0492.mp4","11.18","423.84","23.34","-400.50","-94.49","h264"
"E:\Backup\DESKTOP OLD\Untitled.mp4","2.69","141.50","7.95","-133.55","-94.38","h264"
"E:\Backup\DESKTOP OLD\14 feb\GOPR1082.mp4","7.47","242.60","15.98","-226.62","-93.41","h264"
"E:\Backup\DESKTOP OLD\14 feb\GOPR1084.mp4","5.15","168.45","11.45","-157.00","-93.20","h264"
"E:\Backup\Drone & Go Pro\Drone - 11.11.2015 - Amigos-Vilamoura\DJI_0001.mp4","118.08","678.16","197.92","-480.24","-70.82","h264"
"E:\Backup\Drone & Go Pro\Drone - 11.11.2015 - Amigos-Vilamoura\DJI_0007.mp4","31.56","200.93","47.99","-152.95","-76.12","h264"
"E:\Backup\Drone & Go Pro\Drone - Praia do Lourenco - 05.09.2015\final.mp4","28.17","1526.56","77.70","-1448.85","-94.91","h264"
"E:\Backup\Drone & Go Pro\GO PRO\Go Pro - Carro 25.01.2016\GOPR0992.mp4","4.33","131.21","10.56","-120.65","-91.95","h264"
"E:\Backup\Drone & Go Pro\GO PRO\Go Pro - Carro 25.01.2016\GOPR0997.mp4","11.34","260.10","20.30","-239.81","-92.20","h264"
"E:\Backup\Drone & Go Pro\GO PRO\Go Pro - Diversos 03122015\GOPR0472.mp4","11.31","429.77","17.02","-412.74","-96.04","h264"
"E:\Backup\Drone & Go Pro\GO PRO\Go Pro - Diversos 03122015\GOPR0473.mp4","23.46","970.74","39.46","-931.28","-95.94","h264"
"E:\Backup\Drone & Go Pro\GO PRO\Go Pro - Diversos 03122015\GOPR0477.mp4","4.92","178.92","4.27","-174.65","-97.61","h264"
"E:\Backup\Drone & Go Pro\GO PRO\Go Pro - Diversos 03122015\GOPR0478.mp4","8.12","305.56","5.97","-299.58","-98.05","h264"
"E:\Backup\Drone & Go Pro\GO PRO\Go Pro - Diversos 03122015\GOPR0479.mp4","4.52","167.68","3.49","-164.19","-97.92","h264"
"E:\Backup\Drone & Go Pro\GO PRO\Go Pro - Diversos 03122015\GOPR0480.mp4","4.59","174.21","3.59","-170.61","-97.94","h264"
"E:\Backup\Drone & Go Pro\GO PRO\Go Pro - Diversos 03122015\GOPR0481.mp4","9.71","380.09","8.14","-371.95","-97.86","h264"
"E:\Backup\Drone & Go Pro\GO PRO\Go Pro - Diversos 03122015\GOPR0482.mp4","17.69","707.03","17.77","-689.25","-97.49","h264"
"E:\Backup\Drone & Go Pro\GO PRO\Go Pro - Diversos 03122015\GOPR0483.mp4","24.03","961.54","27.52","-934.02","-97.14","h264"
"E:\Backup\Drone & Go Pro\GO PRO\Go Pro - Diversos 03122015\GOPR0484.mp4","8.96","343.99","9.80","-334.20","-97.15","h264"
"E:\Backup\Drone & Go Pro\GO PRO\Go Pro - Diversos 03122015\GOPR0485.mp4","12.29","483.49","14.74","-468.75","-96.95","h264"
"E:\Backup\Drone & Go Pro\GO PRO\Go Pro - Diversos 03122015\GOPR0486.mp4","9.36","368.70","10.90","-357.80","-97.04","h264"
"E:\Backup\Drone & Go Pro\GO PRO\Go Pro - Diversos 03122015\GOPR0487.mp4","8.89","357.83","10.73","-347.10","-97.00","h264"
"E:\Backup\Drone & Go Pro\GO PRO\Go Pro - Diversos 03122015\GOPR0488.mp4","3.94","150.36","4.94","-145.43","-96.72","h264"
"E:\Backup\Drone & Go Pro\GO PRO\Go Pro - Diversos 03122015\GOPR0489.mp4","10.90","443.40","13.30","-430.10","-97.00","h264"
"E:\Backup\Drone & Go Pro\GO PRO\Go Pro - Diversos 03122015\GOPR0490.mp4","14.91","607.15","18.26","-588.88","-96.99","h264"
"E:\Backup\Drone & Go Pro\GO PRO\Go Pro - Diversos 03122015\GOPR0492.mp4","15.46","623.89","18.89","-605.00","-96.97","h264"
"E:\Backup\Drone & Go Pro\GO PRO\Go Pro - Diversos 03122015\GOPR0498.mp4","3.76","115.33","8.99","-106.34","-92.20","h264"
"E:\Backup\Drone & Go Pro\GO PRO\Go Pro - Praia - 31.08.2015\GOPR0430.mp4","6.74","195.88","15.32","-180.56","-92.18","h264"
"E:\Backup\Drone & Go Pro\GO PRO\Go Pro - Praia - 31.08.2015\GOPR0431.mp4","41.57","1386.73","109.79","-1276.94","-92.08","h264"
"E:\Backup\Drone & Go Pro\GO PRO\Go Pro - Praia - 31.08.2015\GOPR0432.mp4","5.10","159.22","12.23","-146.99","-92.32","h264"
"E:\Backup\Drone & Go Pro\GO PRO\Go Pro - Praia - 31.08.2015\GOPR0433.mp4","19.38","593.76","47.11","-546.64","-92.07","h264"
"E:\Backup\Drone & Go Pro\GO PRO\Go Pro - Praia Setembro x\GOPR0435.mp4","113.25","3560.15","152.98","-3407.17","-95.70","h264"
"E:\Backup\Drone & Go Pro\GO PRO\Go Pro - Praia Setembro x\GOPR0436.mp4","106.50","3821.56","163.05","-3658.50","-95.73","h264"
"E:\Backup\Drone & Go Pro\GO PRO\Go Pro - Praia Setembro x\GOPR0437.mp4","30.54","1048.05","45.15","-1002.90","-95.69","h264"
"E:\Backup\Drone & Go Pro\GO PRO\Go Pro - Praia Setembro x\GOPR0438.mp4","11.36","398.74","16.47","-382.27","-95.87","h264"
"E:\Backup\Drone & Go Pro\GO PRO\Go Pro - Praia Setembro x\GOPR0440.mp4","5.40","179.41","7.34","-172.07","-95.91","h264"
"E:\Backup\Drone & Go Pro\GO PRO\Go Pro - Praia Setembro x\GOPR0441.mp4","106.06","3814.94","164.02","-3650.92","-95.70","h264"
"E:\Backup\Drone & Go Pro\GO PRO\Go Pro - Praia Setembro x\GOPR0442.mp4","8.08","295.78","11.88","-283.90","-95.98","h264"
"E:\Backup\Drone & Go Pro\GO PRO\Go Pro - Praia Setembro x\GOPR0443.mp4","33.39","1276.63","51.31","-1225.31","-95.98","h264"
"E:\Backup\Drone & Go Pro\GO PRO\Go Pro - Praia Setembro x\GOPR0444.mp4","23.61","866.84","35.75","-831.09","-95.88","h264"
"E:\Backup\Drone & Go Pro\GO PRO\Go Pro - Praia Setembro x\GOPR0445.mp4","12.26","426.92","18.22","-408.70","-95.73","h264"
"E:\Backup\Drone & Go Pro\GO PRO\Go Pro - Praia Setembro x\GP010436.mp4","55.50","1901.14","78.04","-1823.10","-95.89","h264"
"E:\Backup\Drone & Go Pro\GO PRO\Go Pro - Praia Setembro x\GP010441.mp4","45.32","1598.20","62.84","-1535.36","-96.07","h264"
"E:\Backup\Drone & Go Pro\GO PRO\Go PRo Gameover\G0120339_1437171567166_high.mp4","6.54","215.74","17.07","-198.67","-92.09","h264"
"E:\Backup\Drone & Go Pro\GO PRO\Go PRo Gameover\GOPR0341_1437171567166_high.mp4","3.25","160.87","12.20","-148.67","-92.42","h264"
"E:\Backup\Drone & Go Pro\GO PRO\Go PRo Gameover\GOPR0350_1437171567166_high.mp4","4.60","147.21","11.23","-135.98","-92.37","h264"
"E:\Backup\Drone & Go Pro\GO PRO\Go PRo Gameover\GOPR0352_1437171458056_high.mp4","3.95","124.27","10.18","-114.09","-91.81","h264"
"E:\Backup\Drone & Go Pro\GO PRO\Go PRo Gameover\GOPR0353_1437171567166_high.mp4","14.16","474.20","37.52","-436.68","-92.09","h264"
"E:\Backup\Drone & Go Pro\GO PRO\Go PRo Gameover\GOPR0354_1437171567166_high.mp4","3.72","108.49","8.81","-99.68","-91.88","h264"
"E:\Backup\Drone & Go Pro\GO PRO\Go Pro Praia\GOPR0358.mp4","70.66","2260.28","176.71","-2083.57","-92.18","h264"
"E:\Backup\Drone & Go Pro\GO PRO\Go Pro Praia\GOPR0359.mp4","60.92","1966.36","154.11","-1812.25","-92.16","h264"
"E:\Backup\Drone & Go Pro\GO PRO\Go Pro Praia\GOPR0360.mp4","8.19","256.49","20.08","-236.41","-92.17","h264"
"E:\Backup\Drone & Go Pro\GO PRO\Go Pro Praia\GOPR0361.mp4","16.04","501.84","39.72","-462.12","-92.09","h264"
"E:\Backup\Drone & Go Pro\GO PRO\Go Pro Praia\GOPR0362.mp4","4.82","147.57","12.02","-135.55","-91.85","h264"
"E:\Backup\Drone & Go Pro\GO PRO\Go pro praia 2\GOPR0399.mp4","6.19","191.43","14.64","-176.78","-92.35","h264"
"E:\Backup\Drone & Go Pro\GO PRO\Go pro praia 2\GOPR0400.mp4","5.45","151.26","11.93","-139.34","-92.12","h264"
"E:\Backup\Drone & Go Pro\GO PRO\Go pro praia 2\GOPR0402.mp4","21.63","698.08","55.67","-642.40","-92.02","h264"
"E:\Backup\Drone & Go Pro\GO PRO\Go pro praia 2\GOPR0403.mp4","34.09","1191.68","94.26","-1097.42","-92.09","h264"
"E:\Backup\Drone & Go Pro\GO PRO\Go pro praia 2\GOPR0404.mp4","13.41","452.68","35.24","-417.43","-92.21","h264"
"E:\Backup\Drone & Go Pro\GO PRO\Go pro praia 2\GOPR0405.mp4","5.47","186.16","14.08","-172.08","-92.44","h264"
"E:\Backup\Drone & Go Pro\GO PRO\Go pro praia 2\GOPR0406.mp4","11.45","391.56","30.10","-361.45","-92.31","h264"
"E:\Backup\Drone & Go Pro\GO PRO\Go pro praia 2\GOPR0407.mp4","4.12","134.75","9.98","-124.77","-92.60","h264"
"E:\Backup\Drone & Go Pro\GO PRO\Go pro praia 2\GOPR0408.mp4","7.11","244.75","19.72","-225.03","-91.94","h264"
"E:\Backup\Drone & Go Pro\GO PRO\Go pro praia 2\GOPR0409.mp4","3.69","117.61","9.24","-108.37","-92.15","h264"
"E:\Backup\Drone & Go Pro\GO PRO\Go pro praia 2\yate pursuit.mp4","32.09","1122.26","89.98","-1032.28","-91.98","h264"
"E:\Backup\Drone & Go Pro\GO PRO\Go Pro praia 3\GOPR0365.mp4","3.85","108.46","8.52","-99.94","-92.14","h264"
"E:\Backup\Drone & Go Pro\GO PRO\Go Pro praia 3\GOPR0366.mp4","11.05","366.00","28.94","-337.06","-92.09","h264"
"E:\Backup\Drone & Go Pro\GO PRO\Go Pro praia 3\GOPR0367.mp4","22.69","767.08","61.38","-705.70","-92.00","h264"
"E:\Backup\Drone & Go Pro\GO PRO\Go Pro praia 3\GOPR0368.mp4","9.72","324.46","25.00","-299.47","-92.30","h264"
"E:\Backup\Drone & Go Pro\GO PRO\Go Pro praia 3\GOPR0369.mp4","19.48","649.35","51.28","-598.07","-92.10","h264"
"E:\Backup\Drone & Go Pro\GO PRO\Go Pro praia 3\GOPR0370.mp4","5.67","170.69","13.37","-157.31","-92.17","h264"
"E:\Backup\Drone & Go Pro\GO PRO\Go Pro praia 3\GOPR0372.mp4","39.47","1322.23","105.79","-1216.44","-92.00","h264"
"E:\Backup\Drone & Go Pro\GO PRO\Go Pro praia 3\GOPR0373.mp4","5.34","167.54","13.01","-154.53","-92.23","h264"
"E:\Backup\Drone & Go Pro\GO PRO\Go Pro _Maria\GOPR0392.mp4","5.64","178.42","13.99","-164.43","-92.16","h264"
"E:\Backup\Drone & Go Pro\GO PRO\Go Pro _Maria\GOPR0396.mp4","8.59","251.10","19.67","-231.42","-92.16","h264"
"E:\Backup\Drone & Go Pro\GO PRO\Go Pro _Maria\GOPR0397.mp4","77.54","2741.65","115.87","-2625.78","-95.77","h264"
"E:\Backup\Drone & Go Pro\GO PRO\Go Pro _Maria\GOPR0398.mp4","13.89","471.66","18.76","-452.90","-96.02","h264"
"E:\Backup\Drone & Go Pro\GO PRO\Resumo verao 2015\COMPLETO.mp4","8.36","366.61","57.07","-309.54","-84.43","h264"
"E:\Backup\Drone & Go Pro\temp\GOPR0915.mp4","3.74","116.81","8.94","-107.87","-92.35","h264"
"E:\Backup\Drone & Go Pro\temp\GOPR0916.mp4","10.37","293.54","23.29","-270.25","-92.07","h264"
"E:\Backup\Drone & Go Pro\temp\GOPR0917.mp4","9.34","261.46","20.21","-241.24","-92.27","h264"
"E:\Backup\Drone & Go Pro\temp\GOPR0918.mp4","4.46","133.44","10.51","-122.92","-92.12","h264"
"E:\Backup\Drone & Go Pro\temp\GOPR0920.mp4","4.62","129.08","10.06","-119.03","-92.21","h264"
"E:\Backup\Drone & Go Pro\temp\GOPR0922.mp4","17.92","640.44","13.36","-627.08","-97.91","h264"
"E:\Backup\Drone & Go Pro\temp\GOPR0924.mp4","10.63","333.40","26.09","-307.31","-92.17","h264"
"E:\Backup\Drone & Go Pro\temp\GOPR0926.mp4","5.75","127.23","5.38","-121.86","-95.77","h264"
"E:\Backup\Drone & Go Pro\temp\GOPR0927.mp4","11.38","269.58","13.28","-256.30","-95.07","h264"
"E:\Backup\Drone & Go Pro\temp\GOPR0928.mp4","13.28","330.58","10.99","-319.58","-96.67","h264"
"E:\Backup\Drone & Go Pro\temp\GOPR0929.mp4","31.34","830.05","33.40","-796.66","-95.98","h264"
"E:\Backup\Drone & Go Pro\temp\GOPR0930.mp4","53.36","1424.05","79.52","-1344.54","-94.42","h264"
"E:\Backup\EPALTE\2ï¿½ Ano\PSI\Basquetebol\Top 10 LeBron James Plays of the 2009 Season.mp4","2.38","139.21","53.42","-85.79","-61.63","mpeg2video"
"E:\Backup\EPALTE\Aniversario Escola\M2U00354.mp4","6.41","389.22","132.50","-256.72","-65.96","mpeg2video"
"E:\Backup\EPALTE\Aniversario Escola\CD 1\Caloiros Turismo.mp4","2.88","190.53","60.72","-129.81","-68.13","mpeg2video"
"E:\Backup\EPALTE\Goals\fotos antigas\variadas fotos antigas\Cancun 03-2008\100OLYMP\P3090527.mp4","3.54","111.72","31.14","-80.58","-72.13","mjpeg"
"E:\Backup\Galaxy 10 2023\DCIM\20201225_005035.mp4","8.50","353.43","59.41","-294.02","-83.19","h264"
"E:\Backup\Galaxy 10 2023\DCIM\20201225_005459.mp4","3.87","138.78","23.36","-115.42","-83.17","h264"
"E:\Backup\Galaxy 10 2023\DCIM\20210101_000021.mp4","3.54","123.48","20.45","-103.03","-83.44","h264"
"E:\Backup\Galaxy 10 2023\DCIM\20210116_130059.mp4","2.20","133.44","8.41","-125.03","-93.69","h264"
"E:\Backup\Galaxy 10 2023\DCIM\20210515_231716.mp4","13.10","398.97","15.56","-383.41","-96.10","h264"
"E:\Backup\Galaxy 10 2023\DCIM\20210606_213412.mp4","7.23","207.52","8.16","-199.36","-96.07","h264"
"E:\Backup\Galaxy 10 2023\DCIM\20210713_112137.mp4","22.38","644.45","26.05","-618.39","-95.96","h264"
"E:\Backup\Galaxy 10 2023\DCIM\20210823_235009.mp4","13.28","379.27","15.18","-364.09","-96.00","h264"
"E:\Backup\Galaxy 10 2023\DCIM\20210914_150509.mp4","6.43","186.86","7.34","-179.52","-96.07","h264"
"E:\Backup\Galaxy 10 2023\DCIM\20210915_164737.mp4","87.62","3534.31","597.75","-2936.57","-83.09","h264"
"E:\Backup\Galaxy 10 2023\DCIM\20210915_172327.mp4","72.05","2840.68","480.68","-2360.00","-83.08","h264"
"E:\Backup\Galaxy 10 2023\DCIM\20210921_173448.mp4","3.44","128.39","21.84","-106.54","-82.99","h264"
"E:\Backup\Galaxy 10 2023\DCIM\20210921_174443.mp4","11.29","427.91","71.78","-356.13","-83.23","h264"
"E:\Backup\Galaxy 10 2023\DCIM\20210921_175220.mp4","3.00","103.80","17.49","-86.31","-83.15","h264"
"E:\Backup\Galaxy 10 2023\DCIM\20210921_175458.mp4","3.56","124.21","21.16","-103.05","-82.96","h264"
"E:\Backup\Galaxy 10 2023\DCIM\20210921_175922.mp4","4.03","136.51","23.90","-112.61","-82.49","h264"
"E:\Backup\Galaxy 10 2023\DCIM\20210921_180208.mp4","5.36","189.42","31.72","-157.70","-83.26","h264"
"E:\Backup\Galaxy 10 2023\DCIM\20211007_194240.mp4","5.21","140.38","9.42","-130.96","-93.29","h264"
"E:\Backup\Galaxy 10 2023\DCIM\20211007_194502.mp4","9.92","286.49","24.09","-262.40","-91.59","h264"
"E:\Backup\Galaxy 10 2023\DCIM\20211007_194628.mp4","5.18","138.96","10.66","-128.30","-92.33","h264"
"E:\Backup\Galaxy 10 2023\DCIM\20211007_194903.mp4","17.41","535.41","43.12","-492.29","-91.95","h264"
"E:\Backup\Galaxy 10 2023\DCIM\20211007_194903_1.mp4","5.46","167.01","10.22","-156.79","-93.88","h264"
"E:\Backup\Galaxy 10 2023\DCIM\20211008_094632.mp4","5.38","155.29","6.51","-148.78","-95.81","h264"
"E:\Backup\Galaxy 10 2023\DCIM\20211008_100606.mp4","4.94","141.13","5.47","-135.66","-96.12","h264"
"E:\Backup\Galaxy 10 2023\DCIM\20211008_100859.mp4","10.42","322.71","12.25","-310.46","-96.20","h264"
"E:\Backup\Galaxy 10 2023\DCIM\20211008_105639.mp4","4.10","114.91","4.50","-110.41","-96.09","h264"
"E:\Backup\Galaxy 10 2023\DCIM\20211008_111439.mp4","4.50","119.53","14.93","-104.61","-87.51","h264"
"E:\Backup\Galaxy 10 2023\DCIM\20211008_111617.mp4","6.05","176.93","7.38","-169.55","-95.83","h264"
"E:\Backup\Galaxy 10 2023\DCIM\20211008_111859.mp4","7.63","217.29","25.31","-191.98","-88.35","h264"
"E:\Backup\Galaxy 10 2023\DCIM\20211008_121025.mp4","7.66","219.66","18.05","-201.62","-91.78","h264"
"E:\Backup\Galaxy 10 2023\DCIM\20211008_121805.mp4","4.92","137.44","6.45","-130.99","-95.31","h264"
"E:\Backup\Galaxy 10 2023\DCIM\20211008_124811.mp4","17.85","538.96","25.17","-513.79","-95.33","h264"
"E:\Backup\Galaxy 10 2023\DCIM\20211008_124811_1.mp4","4.33","125.11","7.13","-117.98","-94.30","h264"
"E:\Backup\Galaxy 10 2023\DCIM\20211008_131241.mp4","5.98","171.37","5.31","-166.06","-96.90","h264"
"E:\Backup\Galaxy 10 2023\DCIM\20211008_133342.mp4","6.95","199.99","13.56","-186.43","-93.22","h264"
"E:\Backup\Galaxy 10 2023\DCIM\20211008_145348.mp4","6.18","179.67","4.81","-174.86","-97.32","h264"
"E:\Backup\Galaxy 10 2023\DCIM\20211008_151929.mp4","30.88","927.88","39.00","-888.88","-95.80","h264"
"E:\Backup\Galaxy 10 2023\DCIM\20211008_152417.mp4","12.93","371.69","14.86","-356.82","-96.00","h264"
"E:\Backup\Galaxy 10 2023\DCIM\20211008_152524.mp4","5.78","151.71","6.02","-145.70","-96.04","h264"
"E:\Backup\Galaxy 10 2023\DCIM\20211008_154012.mp4","6.83","178.16","12.71","-165.46","-92.87","h264"
"E:\Backup\Galaxy 10 2023\DCIM\20211008_154651.mp4","6.62","177.70","7.46","-170.24","-95.80","h264"
"E:\Backup\Galaxy 10 2023\DCIM\20211008_161126.mp4","6.82","189.86","7.47","-182.39","-96.06","h264"
"E:\Backup\Galaxy 10 2023\DCIM\20211008_174752.mp4","4.48","109.95","4.30","-105.65","-96.09","h264"
"E:\Backup\Galaxy 10 2023\DCIM\20211008_175835.mp4","30.96","887.41","34.99","-852.43","-96.06","h264"
"E:\Backup\Galaxy 10 2023\DCIM\20211008_180026.mp4","39.91","1248.29","53.55","-1194.74","-95.71","h264"
"E:\Backup\Galaxy 10 2023\DCIM\20211009_080621.mp4","3.95","103.48","4.00","-99.47","-96.13","h264"
"E:\Backup\Galaxy 10 2023\DCIM\20211009_084101.mp4","4.74","128.11","4.74","-123.37","-96.30","h264"
"E:\Backup\Galaxy 10 2023\DCIM\20211009_085034.mp4","7.91","196.16","7.79","-188.37","-96.03","h264"
"E:\Backup\Galaxy 10 2023\DCIM\20211009_085909.mp4","5.65","147.59","5.63","-141.96","-96.18","h264"
"E:\Backup\Galaxy 10 2023\DCIM\20211009_090358.mp4","5.72","138.61","5.46","-133.15","-96.06","h264"
"E:\Backup\Galaxy 10 2023\DCIM\20211009_090541.mp4","4.19","104.54","4.18","-100.36","-96.00","h264"
"E:\Backup\Galaxy 10 2023\DCIM\20211009_092620.mp4","4.58","116.70","4.41","-112.29","-96.22","h264"
"E:\Backup\Galaxy 10 2023\DCIM\20211009_114344.mp4","6.60","173.93","6.72","-167.22","-96.14","h264"
"E:\Backup\Galaxy 10 2023\DCIM\20211024_185252.mp4","7.85","207.06","8.44","-198.62","-95.92","h264"
"E:\Backup\Galaxy 10 2023\DCIM\20211224_195519.mp4","9.57","269.94","11.80","-258.14","-95.63","h264"
"E:\Backup\Galaxy 10 2023\DCIM\20220204_173057.mp4","4.19","105.49","3.79","-101.71","-96.41","h264"
"E:\Backup\Galaxy 10 2023\DCIM\20220205_131828.mp4","5.00","128.72","4.73","-123.99","-96.32","h264"
"E:\Backup\Galaxy 10 2023\DCIM\20220205_132458.mp4","32.31","901.25","38.49","-862.76","-95.73","h264"
"E:\Backup\Galaxy 10 2023\DCIM\20220303_224437.mp4","12.05","358.47","14.70","-343.77","-95.90","h264"
"E:\Backup\Galaxy 10 2023\DCIM\20220303_224622.mp4","6.52","179.39","7.30","-172.09","-95.93","h264"
"E:\Backup\Galaxy 10 2023\DCIM\20220314_213524.mp4","7.16","254.78","43.11","-211.67","-83.08","h264"
"E:\Backup\Galaxy 10 2023\DCIM\20220515_202110.mp4","10.66","296.69","12.17","-284.52","-95.90","h264"
"E:\Backup\Galaxy 10 2023\DCIM\20220601_075337.mp4","5.15","136.68","5.32","-131.36","-96.11","h264"
"E:\Backup\Galaxy 10 2023\DCIM\20220604_152318.mp4","3.42","114.39","19.23","-95.16","-83.19","h264"
"E:\Backup\Galaxy 10 2023\DCIM\20220606_124448.mp4","12.36","353.69","14.37","-339.32","-95.94","h264"
"E:\Backup\Galaxy 10 2023\DCIM\20220606_135131.mp4","15.87","450.14","17.65","-432.49","-96.08","h264"
"E:\Backup\Galaxy 10 2023\DCIM\20220606_151732.mp4","10.48","293.20","12.52","-280.68","-95.73","h264"
"E:\Backup\Galaxy 10 2023\DCIM\20220702_232925.mp4","6.88","185.99","7.42","-178.57","-96.01","h264"
"E:\Backup\Galaxy 10 2023\DCIM\20220710_190109.mp4","7.82","260.98","44.03","-216.96","-83.13","h264"
"E:\Backup\Galaxy 10 2023\DCIM\20220828_223032.mp4","11.82","419.39","70.77","-348.63","-83.13","h264"
"E:\Backup\Galaxy 10 2023\DCIM\20221222_230458.mp4","3.17","101.47","16.81","-84.65","-83.43","h264"
"E:\Backup\Galaxy 10 2023\DCIM\20221226_164703.mp4","5.61","251.32","27.13","-224.19","-89.21","h264"
"E:\Backup\Galaxy 10 2023\DCIM\20230101_000006.mp4","3.62","127.13","22.06","-105.06","-82.64","h264"
"E:\Backup\Galaxy 10 2023\DCIM\20230106_233537.mp4","2.98","100.00","17.01","-83.00","-82.99","h264"
"E:\Backup\Galaxy 10 2023\DCIM\20230128_132206.mp4","4.42","151.55","26.13","-125.42","-82.76","h264"
"E:\Backup\Galaxy 10 2023\DCIM\20230129_112747.mp4","7.01","198.27","7.43","-190.84","-96.25","h264"
"E:\Backup\Galaxy 10 2023\DCIM\20230129_112813.mp4","11.50","339.36","13.15","-326.21","-96.12","h264"
"E:\Backup\Galaxy 10 2023\DCIM\20230129_112906.mp4","8.83","248.07","9.28","-238.79","-96.26","h264"
"E:\Backup\Galaxy 10 2023\DCIM\20230129_113010.mp4","4.34","119.67","4.28","-115.39","-96.43","h264"
"E:\Backup\Galaxy 10 2023\DCIM\20230129_155548.mp4","3.61","127.98","22.16","-105.83","-82.69","h264"
"E:\Backup\Galaxy 10 2023\DCIM\20230324_093511.mp4","61.61","1640.32","460.65","-1179.67","-71.92","h264"
"E:\Backup\Galaxy 10 2023\DCIM\20230403_151346.mp4","3.18","108.87","18.05","-90.82","-83.42","h264"
"E:\Backup\Galaxy 10 2023\DCIM\20230403_151648.mp4","33.49","1022.08","81.15","-940.93","-92.06","h264"
"E:\Backup\Galaxy 10 2023\DCIM\20230403_152805.mp4","5.85","224.47","37.25","-187.23","-83.41","h264"
"E:\Backup\Galaxy 10 2023\DCIM\20230403_153257.mp4","3.07","110.20","18.50","-91.69","-83.21","h264"
"E:\Backup\Galaxy 10 2023\DCIM\20230405_133636.mp4","3.91","174.27","17.79","-156.48","-89.79","h264"
"E:\Backup\Galaxy 10 2023\DCIM\20230409_201532.mp4","3.11","113.54","19.19","-94.34","-83.10","h264"
"E:\Backup\Galaxy 10 2023\DCIM\20230415_183612.mp4","6.60","254.79","43.21","-211.57","-83.04","h264"
"E:\Backup\Galaxy 10 2023\DCIM\20230423_183402.mp4","3.76","134.29","22.68","-111.62","-83.11","h264"
"E:\Backup\Galaxy 10 2023\DCIM\20230614_145316.mp4","299.85","9708.67","237.04","-9471.63","-97.56","h264"
"E:\Backup\Galaxy note 10\Camera\20191124_184031.mp4","3.93","148.27","24.80","-123.47","-83.27","h264"
"E:\Backup\Galaxy note 10\Camera\20191124_184251.mp4","2.86","103.94","17.59","-86.35","-83.07","h264"
"E:\Backup\Galaxy note 10\Camera\20191124_184426.mp4","6.04","224.09","37.67","-186.42","-83.19","h264"
"E:\Backup\Galaxy note 10\Camera\20191231_220917.mp4","6.37","240.88","41.17","-199.71","-82.91","h264"
"E:\Backup\Galaxy note 10\Camera\20200101_000244.mp4","7.02","272.80","46.71","-226.08","-82.88","h264"
"E:\Backup\Galaxy note 10\Camera\20200101_000558.mp4","3.45","118.94","19.24","-99.70","-83.82","h264"
"E:\Backup\Galaxy note 10\Camera\20200101_000739.mp4","2.86","103.66","18.03","-85.64","-82.61","h264"
"E:\Backup\Galaxy note 10\Camera\20200101_000901.mp4","29.18","1192.56","205.85","-986.71","-82.74","h264"
"E:\Backup\Galaxy note 10\Camera\20200101_000901_1.mp4","4.44","145.23","27.89","-117.34","-80.79","h264"
"E:\Backup\Galaxy note 10\Camera\20200114_114259.mp4","4.12","150.23","25.82","-124.41","-82.81","h264"
"E:\Backup\Galaxy note 10\Camera\20200115_130938.mp4","4.72","159.42","27.06","-132.36","-83.03","h264"
"E:\Backup\Galaxy note 10\Camera\20200115_133620.mp4","3.81","124.27","21.10","-103.17","-83.02","h264"
"E:\Backup\Galaxy note 10\Camera\20200115_133900.mp4","5.06","180.88","30.42","-150.47","-83.18","h264"
"E:\Backup\Galaxy note 10\Camera\20200331_180500.mp4","5.82","174.11","44.76","-129.34","-74.29","h264"
"E:\Backup\Galaxy note 10\Camera\20200331_180830.mp4","6.75","197.49","49.46","-148.02","-74.95","h264"
"E:\Backup\Galaxy note 10\Camera\20200331_181314.mp4","12.00","305.52","76.45","-229.07","-74.98","h264"
"E:\Backup\Galaxy note 10\Camera\20200331_181538.mp4","13.08","343.82","86.46","-257.36","-74.85","h264"
"E:\Backup\Galaxy note 10\Camera\20200331_181900.mp4","8.54","222.01","55.69","-166.32","-74.92","h264"
"E:\Backup\Galaxy note 10\Camera\20200331_182151.mp4","4.64","119.94","31.00","-88.93","-74.15","h264"
"E:\Backup\Galaxy note 10\Camera\20200416_172132.mp4","10.68","144.23","27.12","-117.11","-81.20","h264"
"E:\Backup\Galaxy note 10\Camera\20200521_203053.mp4","9.95","407.30","69.23","-338.07","-83.00","h264"
"E:\Backup\Galaxy note 10\Camera\20200821_003510.mp4","8.12","326.12","55.52","-270.59","-82.98","h264"
"E:\Backup\Galaxy note 10\Camera\20200911_184157.mp4","3.37","119.08","20.23","-98.85","-83.01","h264"
"E:\Backup\Galaxy note 10\Camera\20200924_170825.mp4","2.87","102.88","16.61","-86.28","-83.86","h264"
"E:\Backup\Galaxy note 10\Camera\20201023_122852.mp4","3.33","130.24","21.70","-108.54","-83.34","h264"
"E:\Backup\Galaxy note 10\Camera\20201116_165459.mp4","2.62","101.08","16.87","-84.21","-83.31","h264"
"E:\Backup\Galaxy note 10\DCIM\Screen recordings\Screen_Recording_20200327-164741.mp4","9.89","303.22","34.97","-268.25","-88.47","h264"
"E:\Backup\Galaxy note 10\DCIM\Screen recordings\Screen_Recording_20200330-145526.mp4","5.10","159.76","15.65","-144.11","-90.20","h264"
"E:\Backup\Galaxy note 10\DCIM\Screen recordings\Screen_Recording_20200523-193942.mp4","4.00","112.93","12.56","-100.37","-88.88","h264"
"E:\Backup\Galaxy note 10\DCIM\Screen recordings\Screen_Recording_20201105-175219_Facebook.mp4","5.24","121.12","17.47","-103.65","-85.58","h264"
"E:\Backup\Mano\Backup Mano\Lua de Mel Mexico Dezembro 2015\GOPR0731.mp4","5.68","198.21","15.13","-183.08","-92.37","h264"
"E:\Backup\Mano\Backup Mano\Lua de Mel Mexico Dezembro 2015\GOPR0859.mp4","3.06","103.35","7.87","-95.48","-92.39","h264"
"E:\Backup\Mano\Backup Mano\Lua de Mel Mexico Dezembro 2015\GOPR0862.mp4","9.13","311.43","23.95","-287.48","-92.31","h264"
"E:\Backup\Mano\Backup Mano\Lua de Mel Mexico Dezembro 2015\GOPR0864.mp4","6.47","252.15","19.09","-233.06","-92.43","h264"
"E:\Backup\Mano\Backup Mano\Lua de Mel Mexico Dezembro 2015\GOPR0865.mp4","3.00","109.07","8.36","-100.71","-92.33","h264"
"E:\Backup\Mano\Backup Mano\Lua de Mel Mexico Dezembro 2015\GOPR0881.mp4","4.91","164.04","12.64","-151.40","-92.29","h264"
"E:\Backup\Mano\Backup Mano\Lua de Mel Mexico Dezembro 2015\GOPR0909.mp4","3.76","128.52","9.97","-118.55","-92.24","h264"
"E:\Backup\Mano\Backup Mano\telemovel\Ascensao 3.mp4","3.37","147.30","40.84","-106.47","-72.28","h264"
"E:\Backup\Mano\CASAMENTO\Casamento de Andreia e Luis - 12 Setembro 2015 (1).mp4","56.45","1180.32","282.71","-897.60","-76.05","h264"
"E:\Backup\Mano\CASAMENTO\Casamento de Andreia e Luis - 12 Setembro 2015.mp4","57.20","1180.38","282.56","-897.82","-76.06","h264"
"E:\Backup\Temp Old Desktop\720drone.mp4","3.46","224.11","42.68","-181.43","-80.95","h264"
"E:\Backup\Temp Old Desktop\gopro\GOPR1125_1470046738902_high.mp4","15.17","493.56","38.61","-454.95","-92.18","h264"
"E:\Backup\Temp Old Desktop\gopro\GOPR1126_1470046738902_high.mp4","16.79","597.45","46.62","-550.83","-92.20","h264"
"E:\Backup\Temp Old Desktop\gopro\GOPR1127_1470046738902_high.mp4","7.32","249.84","19.51","-230.33","-92.19","h264"
"E:\Backup\Temp Old Desktop\gopro\GOPR1128_1470046738902_high.mp4","4.58","148.89","10.95","-137.94","-92.64","h264"
"E:\Backup\Trabalho\HTML5 Image Gallery.mp4","36.71","244.44","323.72","+79.28","+32.43","h264"
"E:\Backup\Trabalho\hedgehog recs\demo.mp4","5.43","768.79","7.45","-761.34","-99.03","rawvideo"
"E:\Backup\Trabalho\hedgehog recs\demo1.mp4","2.38","271.25","2.10","-269.15","-99.23","rawvideo"
"E:\Backup\Trabalho\hedgehog recs\demo2.mp4","1.73","223.30","2.35","-220.94","-98.95","rawvideo"
"E:\Backup\Videos\BEACH PARTY QUARTEIRA.mp4","8.84","153.31","64.41","-88.90","-57.99","h264"
"E:\Backup\Videos\NOSOLOAGUA BEACH VILAMOURA.mp4","17.05","310.31","131.44","-178.87","-57.64","h264"
"E:\Backup\Videos\THUG LIFE.mp4","2.99","276.68","8.34","-268.34","-96.99","h264"
"E:\Backup\Videos\videoplayback.mp4","15.03","168.23","65.73","-102.50","-60.93","h264"
"E:\Backup\Videos\y2mate.com - Lifeguard - Equipa de Salvamento Maritimo_2X4iL236NR0_1080p.mp4","7.62","113.83","56.87","-56.96","-50.04","h264"
"E:\Backup\Videos\American Best Dance Crew\Quest Crew Compilation Part 1 [HD]_HD.mp4","10.23","139.65","142.66","+3.01","+2.16","h264"
"E:\Backup\Videos\Aniversario Escola\M2U00354.mp4","4.98","389.22","132.50","-256.72","-65.96","mpeg2video"
"E:\Backup\Videos\Aniversario Escola\CD 1\Caloiros Turismo.mp4","2.68","190.53","60.72","-129.81","-68.13","mpeg2video"
"E:\Backup\Videos\Aniversario Escola\CD 1\M2U00337.mp4","7.98","478.34","202.45","-275.89","-57.68","mpeg2video"
"E:\Backup\Videos\Aniversario Escola\CD 1\M2U00339.mp4","5.55","317.50","117.49","-200.01","-63.00","mpeg2video"
"E:\Backup\Videos\Aniversario Escola\CD 1\M2U00341.mp4","3.08","156.97","65.24","-91.73","-58.44","mpeg2video"
"E:\Backup\Videos\Aniversario Escola\CD 1\M2U00342.mp4","3.25","200.06","84.79","-115.27","-57.62","mpeg2video"
"E:\Backup\Videos\Aniversario Escola\CD 1\M2U00343.mp4","2.56","131.75","48.18","-83.57","-63.43","mpeg2video"
"E:\Backup\Videos\Aniversario Escola\CD 1\M2U00344.mp4","8.72","589.78","196.19","-393.59","-66.74","mpeg2video"
"E:\Backup\Videos\Aniversario Escola\CD 1\M2U00345.mp4","2.90","203.44","70.63","-132.81","-65.28","mpeg2video"
"E:\Backup\Videos\Aniversario Escola\CD 1\M2U00346.mp4","13.84","760.69","318.03","-442.66","-58.19","mpeg2video"
"E:\Backup\Videos\Aniversario Escola\CD 1\M2U00347.mp4","5.21","281.69","103.50","-178.19","-63.26","mpeg2video"
"E:\Backup\Videos\Aniversario Escola\CD 1\M2U00348.mp4","5.18","304.06","100.84","-203.22","-66.84","mpeg2video"
"E:\Backup\Videos\Aniversario Escola\CD 1\M2U00350.mp4","5.01","287.72","107.80","-179.91","-62.53","mpeg2video"
"E:\Backup\Videos\Aniversario Escola\CD 1\M2U00351.mp4","3.75","251.38","78.70","-172.67","-68.69","mpeg2video"
"E:\Backup\Videos\Aniversario Escola\CD 1\M2U00352.mp4","3.37","226.22","71.81","-154.41","-68.26","mpeg2video"
"E:\Backup\Videos\Diversos\League of Legends- Malzahar Champion Spotlight [www.keepvid.com].mp4","7.66","111.81","111.64","-0.17","-0.15","h264"
"E:\Backup\Videos\Diversos\Marca a Tua Diferenca - Policromia [www.keepvid.com].mp4","6.47","107.80","63.61","-44.20","-41.00","h264"
"E:\Backup\Videos\Diversos\Modern Warfare_ Frozen Crossing (A Modern Warfare Tribute)_HD.mp4","7.48","112.09","113.09","+1.00","+0.89","h264"
"E:\Backup\Videos\Diversos\GPSI pancadas\MOV07020.mp4","3.76","164.20","32.98","-131.22","-79.92","mpeg1video"
"E:\Backup\Videos\Game\Ascensao - Dominating.mp4","23.65","383.88","790.21","+406.33","+105.85","h264"
"E:\Backup\Videos\Videoclips\Dr. Dre - I Need A Doctor.mp4","7.83","138.02","115.66","-22.35","-16.20","h264"
"E:\Backup\Videos\Videoclips\Eminem - Love The Way You Lie ft. Rihanna [www.keepvid.com].mp4","8.59","112.95","71.32","-41.63","-36.86","h264"
"E:\Backup\Videos\Videoclips\Eminem - Not Afraid [www.keepvid.com].mp4","7.61","107.03","66.37","-40.66","-37.99","h264"
"E:\Backup\Videos\Videoclips\Jennifer Lopez - On The Floor ft. Pitbull [www.keepvid.com].mp4","7.80","108.44","69.42","-39.03","-35.99","h264"
"E:\Backup\Videos\Videoclips\Letting Go (Dutty Love) featuring Nicki Minaj [www.keepvid.com].mp4","8.46","188.47","62.52","-125.96","-66.83","h264"
"E:\Backup\Videos\Videoclips\The Black Eyed Peas - Just Can_t Get Enough.mp4","6.99","130.52","62.65","-67.87","-52.00","h264"
"E:\Backup\Videos\Videoclips\Tiesto Power Mix (HD VERSION) [www.keepvid.com].mp4","9.12","129.32","132.41","+3.09","+2.39","h264"
"E:\Backup\Videos\Videoclips\Usher - DJ Got Us Fallin_.mp4","7.22","106.42","65.62","-40.80","-38.34","h264"
"E:\Dropbox\FINANCIAL FLOW\Backups\Royal Bull Capital\Royal Bull Capital social Networks\IMG_8362.mov","4.24","112.95","12.09","-100.86","-89.30","h264"
"E:\Dropbox\FINANCIAL FLOW\Backups\Royal Bull Capital\Royal Bull Capital social Networks\last.mov","3.70","101.17","10.71","-90.46","-89.42","h264"
"E:\Dropbox\FINANCIAL FLOW\Backups\Royal Bull Capital\Royal Bull Capital social Networks\marketing\1.mov","4.02","108.50","11.06","-97.45","-89.81","h264"
"E:\Dropbox\FINANCIAL FLOW\Backups\Royal Bull Capital\Shopify RBC\ads\RPReplay_Final1678151988.mp4","3.89","106.57","11.24","-95.33","-89.45","h264"
"E:\Dropbox\FINANCIAL FLOW\ideias Infrastrutura\Marketing\Ads Examples\Interessantes\RPReplay_Final1680015612.mp4","3.66","108.33","12.60","-95.73","-88.37","h264"
"E:\Dropbox\Trabalho\5. WEB Programming\1. PROJECTOS\firelab.pt\Salient   Importing Dummy Data  First Steps[1].mp4","9.44","135.99","46.20","-89.79","-66.02","mpeg4"
"E:\Dropbox\Trabalho\UNIVERSAL\Documentos de Pesquisa\C# Programming - Speech Recognition & Text to Speech!!! [Full Tutorial].mp4","14.98","129.17","188.15","+58.98","+45.67","h264"
"E:\Fotos\100MEDIA\20150201_043444.mp4","3.38","147.69","11.85","-135.84","-91.98","h264"
"E:\Fotos\100MEDIA\20150201_043444_001.mp4","3.41","147.75","11.89","-135.86","-91.95","h264"
"E:\Fotos\100MEDIA\20150201_043444_002.mp4","3.27","147.75","11.89","-135.86","-91.95","h264"
"E:\Fotos\100MEDIA\DJI_0355.mp4","14.29","858.13","52.50","-805.64","-93.88","h264"
"E:\Fotos\100MEDIA\DJI_0357.mp4","21.88","1427.09","88.15","-1338.94","-93.82","h264"
"E:\Fotos\100MEDIA\DJI_0358.mp4","9.61","571.80","35.19","-536.61","-93.85","h264"
"E:\Fotos\100MEDIA\DJI_0374.mp4","10.27","701.05","43.53","-657.51","-93.79","h264"
"E:\Fotos\100MEDIA\DJI_0375.mp4","16.00","1052.98","63.68","-989.30","-93.95","h264"
"E:\Fotos\100MEDIA\DJI_0376.mp4","13.20","766.29","46.75","-719.54","-93.90","h264"
"E:\Fotos\100MEDIA\DJI_0377.mp4","6.88","422.38","25.44","-396.94","-93.98","h264"
"E:\Fotos\100MEDIA\DJI_0378.mp4","2.22","117.92","7.36","-110.56","-93.75","h264"
"E:\Fotos\100MEDIA\DJI_0386.mp4","3.74","247.73","14.30","-233.43","-94.23","h264"
"E:\Fotos\100MEDIA\DJI_0392.mp4","7.88","547.51","37.78","-509.73","-93.10","h264"
"E:\Fotos\100MEDIA\DJI_0424.mp4","4.73","325.30","19.63","-305.68","-93.97","h264"
"E:\Fotos\100MEDIA\DJI_0429.mp4","2.01","108.69","6.90","-101.79","-93.65","h264"
"E:\Fotos\100MEDIA\DJI_0441.mp4","10.26","604.26","38.17","-566.09","-93.68","h264"
"E:\Fotos\100MEDIA\DJI_0444.mp4","10.76","689.24","42.90","-646.34","-93.78","h264"
"E:\Fotos\100MEDIA\DJI_0465.mp4","9.12","626.20","39.68","-586.52","-93.66","h264"
"E:\Fotos\100MEDIA\DJI_0473.mp4","2.08","119.49","7.23","-112.26","-93.95","h264"
"E:\Fotos\100MEDIA\DJI_0474.mp4","1.99","115.60","7.34","-108.26","-93.65","h264"
"E:\Fotos\100MEDIA\DJI_0475.mp4","13.85","954.58","57.45","-897.12","-93.98","h264"
"E:\Fotos\100MEDIA\DJI_0476.mp4","13.66","916.86","55.63","-861.23","-93.93","h264"
"E:\Fotos\100MEDIA\DJI_0496.mp4","2.98","172.60","10.37","-162.23","-93.99","h264"
"E:\Fotos\100MEDIA\DJI_0497.mp4","2.75","141.55","8.95","-132.59","-93.67","h264"
"E:\Fotos\100MEDIA\DJI_0498.mp4","2.62","140.61","8.06","-132.54","-94.27","h264"
"E:\Fotos\100MEDIA\DJI_0499.mp4","3.69","207.73","12.63","-195.10","-93.92","h264"
"E:\Fotos\100MEDIA\DJI_0500.mp4","2.35","119.74","7.44","-112.30","-93.79","h264"
"E:\Fotos\100MEDIA\DJI_0501.mp4","5.35","319.53","18.81","-300.72","-94.11","h264"
"E:\Fotos\100MEDIA\DJI_0502.mp4","8.10","465.45","28.36","-437.09","-93.91","h264"
"E:\Fotos\100MEDIA\DJI_0503.mp4","9.36","538.34","32.82","-505.52","-93.90","h264"
"E:\Fotos\100MEDIA\DJI_0505.mp4","9.13","500.46","31.06","-469.40","-93.79","h264"
"E:\Fotos\100MEDIA\DJI_0514.mp4","5.11","337.94","20.60","-317.35","-93.91","h264"
"E:\Fotos\100MEDIA\DJI_0515.mp4","7.53","517.39","31.15","-486.24","-93.98","h264"
"E:\Fotos\100MEDIA\DJI_0516.mp4","4.35","294.85","17.95","-276.90","-93.91","h264"
"E:\Fotos\100MEDIA\DJI_0517.mp4","12.91","931.85","56.51","-875.34","-93.94","h264"
"E:\Fotos\100MEDIA\DJI_0518.mp4","7.42","514.61","31.03","-483.58","-93.97","h264"
"E:\Fotos\100MEDIA\DJI_0519.mp4","2.97","189.21","11.50","-177.72","-93.92","h264"
"E:\Fotos\100MEDIA\DJI_0520.mp4","6.10","408.36","24.41","-383.95","-94.02","h264"
"E:\Fotos\100MEDIA\DJI_0522.mp4","13.16","931.58","56.68","-874.90","-93.92","h264"
"E:\Fotos\100MEDIA\DJI_0525.mp4","32.65","2072.59","141.90","-1930.69","-93.15","h264"
"E:\Fotos\100MEDIA\BRUNEX ONLY\DJI_0315.mp4","21.91","1302.08","78.55","-1223.53","-93.97","h264"
"E:\Fotos\100MEDIA\BRUNEX ONLY\DJI_0316.mp4","15.42","948.04","57.92","-890.12","-93.89","h264"
"E:\Fotos\100MEDIA\BRUNEX ONLY\DJI_0317.mp4","23.74","1370.81","82.21","-1288.60","-94.00","h264"
"E:\Fotos\100MEDIA\BRUNEX ONLY\DJI_0327.mp4","3.69","215.89","13.96","-201.93","-93.54","h264"
"E:\Fotos\2015_09_12 Andreia & Luis\Casamento de Andreia e Luis - 12 Setembro 2015 (1).mp4","56.72","1180.32","282.60","-897.72","-76.06","h264"
"E:\Fotos\2015_09_12 Andreia & Luis\Casamento de Andreia e Luis - 12 Setembro 2015.mp4","57.08","1180.38","282.55","-897.83","-76.06","h264"
"E:\Fotos\Canarias 2016\Edge mp4\20161119_194408.mp4","9.88","506.32","70.19","-436.14","-86.14","h264"
"E:\Fotos\Canarias 2016\Edge mp4\20161120_231628.mp4","3.49","159.13","22.49","-136.65","-85.87","h264"
"E:\Fotos\Canarias 2016\Edge mp4\20161121_025401.mp4","5.29","246.66","34.04","-212.62","-86.20","h264"
"E:\Fotos\Canarias 2016\Edge mp4\20161121_034145.mp4","2.68","116.29","15.68","-100.61","-86.52","h264"
"E:\Fotos\Canarias 2016\Edge mp4\20161121_034540.mp4","7.63","358.37","48.70","-309.67","-86.41","h264"
"E:\Fotos\Canarias 2016\Edge mp4\20161121_035750.mp4","6.34","302.79","43.21","-259.58","-85.73","h264"
"E:\Fotos\Canarias 2016\Edge mp4\20161121_040300.mp4","2.60","115.35","16.01","-99.34","-86.12","h264"
"E:\Fotos\Canarias 2016\Edge mp4\20161121_041758.mp4","4.23","195.74","27.41","-168.33","-86.00","h264"
"E:\Fotos\Canarias 2016\Edge mp4\20161122_162409.mp4","3.60","140.61","19.46","-121.15","-86.16","h264"
"E:\Fotos\Canarias 2016\Edge mp4\20161122_164439.mp4","4.13","143.72","19.32","-124.41","-86.56","h264"
"E:\Fotos\Canarias 2016\Edge mp4\20161122_165059.mp4","4.19","157.19","22.05","-135.14","-85.97","h264"
"E:\Fotos\Canarias 2016\Edge mp4\20161122_165355.mp4","4.80","188.13","25.77","-162.37","-86.30","h264"
"E:\Fotos\Canarias 2016\Edge mp4\20161122_165838.mp4","4.97","194.07","26.74","-167.33","-86.22","h264"
"E:\Fotos\Canarias 2016\Edge mp4\20161122_171625.mp4","2.73","108.04","14.81","-93.22","-86.29","h264"
"E:\Fotos\Canarias 2016\Edge mp4\20161122_172306.mp4","2.85","119.11","16.37","-102.74","-86.26","h264"
"E:\Fotos\Canarias 2016\Edge mp4\20161122_174531.mp4","5.53","198.88","27.01","-171.87","-86.42","h264"
"E:\Fotos\Canarias 2016\Edge mp4\20161123_043042.mp4","2.25","106.05","15.06","-90.99","-85.80","h264"
"E:\Fotos\Canarias 2016\Edge mp4\20161123_132513.mp4","6.69","326.96","45.32","-281.64","-86.14","h264"
"E:\Fotos\Canarias 2016\Edge mp4\epico.mp4","2.81","112.71","15.43","-97.28","-86.31","h264"
"E:\Fotos\Canarias 2016\Go Pro\GOPR1471.mp4","21.08","753.96","60.15","-693.81","-92.02","h264"
"E:\Fotos\Canarias 2016\Go Pro\GOPR1472.mp4","7.34","252.20","19.94","-232.26","-92.09","h264"
"E:\Fotos\Canarias 2016\Go Pro\GOPR1474.mp4","5.94","194.61","15.53","-179.08","-92.02","h264"
"E:\Fotos\Canarias 2016\Go Pro\GOPR1475.mp4","3.20","101.63","8.34","-93.29","-91.79","h264"
"E:\Fotos\Canarias 2016\Go Pro\GOPR1540.mp4","6.21","218.34","16.89","-201.45","-92.27","h264"
"E:\Fotos\Canarias 2016\Go Pro\GOPR1543.mp4","3.35","105.69","8.12","-97.56","-92.32","h264"
"E:\Fotos\Canarias 2016\Go Pro\GOPR1546.mp4","7.04","254.78","19.81","-234.98","-92.23","h264"
"E:\Fotos\Canarias 2016\Go Pro\GOPR1553.mp4","8.74","318.82","24.51","-294.31","-92.31","h264"
"E:\Fotos\Canarias 2016\Go Pro\GOPR1558.mp4","4.10","153.36","11.78","-141.59","-92.32","h264"
"E:\Fotos\Canarias 2016\Go Pro\GOPR1562.mp4","12.26","418.10","31.27","-386.83","-92.52","h264"
"E:\Fotos\Canarias 2016\Go Pro\GOPR1563.mp4","5.61","171.76","13.37","-158.39","-92.21","h264"
"E:\Fotos\Canarias 2016\Go Pro\GOPR1564.mp4","7.78","263.06","21.08","-241.98","-91.99","h264"
"E:\Fotos\Canarias 2016\Go Pro\GOPR1568.mp4","3.24","110.36","8.48","-101.89","-92.32","h264"
"E:\Fotos\Canarias 2016\Go Pro\GOPR1570.mp4","5.17","173.37","13.48","-159.89","-92.22","h264"
"E:\Fotos\Canarias 2016\Go Pro\GOPR1571.mp4","7.64","251.25","19.42","-231.83","-92.27","h264"
"E:\Fotos\Canarias 2016\Go Pro\GOPR1572.mp4","4.78","160.60","12.15","-148.45","-92.44","h264"
"E:\Fotos\Canarias 2016\Go Pro\GOPR1576.mp4","3.99","132.44","10.09","-122.35","-92.38","h264"
"E:\Fotos\Canarias 2016\Go Pro\GOPR1577.mp4","51.06","1480.12","115.62","-1364.50","-92.19","h264"
"E:\Fotos\Canarias 2016\Go Pro\GOPR1578.mp4","11.05","394.04","30.28","-363.76","-92.31","h264"
"E:\Fotos\Canarias 2016\Go Pro\GOPR1579.mp4","31.54","1244.28","96.67","-1147.61","-92.23","h264"
"E:\Fotos\Canarias 2016\Go Pro\GOPR1580.mp4","30.06","1096.13","84.27","-1011.87","-92.31","h264"
"E:\Fotos\Canarias 2016\Go Pro\GOPR1582.mp4","6.94","264.69","20.90","-243.79","-92.10","h264"
"E:\Fotos\Canarias 2016\Go Pro\GOPR1584.mp4","27.27","1071.74","80.45","-991.29","-92.49","h264"
"E:\Fotos\Canarias 2016\Go Pro\GOPR1586.mp4","2.99","107.42","8.28","-99.13","-92.29","h264"
"E:\Fotos\Canarias 2016\Go Pro\GOPR1589.mp4","14.16","549.40","42.50","-506.90","-92.26","h264"
"E:\Fotos\Canarias 2016\Go Pro\GOPR1590.mp4","9.10","362.55","27.77","-334.77","-92.34","h264"
"E:\Fotos\Canarias 2016\Go Pro\GOPR1591.mp4","18.40","615.03","46.98","-568.05","-92.36","h264"
"E:\Fotos\Canarias 2016\Go Pro\GOPR1592.mp4","8.08","283.52","21.96","-261.57","-92.26","h264"
"E:\Fotos\Canarias 2016\Go Pro\GOPR1593.mp4","3.43","121.09","9.33","-111.75","-92.29","h264"
"E:\Fotos\Canarias 2016\Go Pro\GOPR1596.mp4","14.03","445.67","34.66","-411.01","-92.22","h264"
"E:\Fotos\Canarias 2016\Go Pro\GOPR1604.mp4","5.75","197.76","15.42","-182.34","-92.20","h264"
"E:\Fotos\Canarias 2016\Go Pro\GOPR1608.mp4","21.83","671.69","53.31","-618.38","-92.06","h264"
"E:\Fotos\Canarias 2016\Go Pro\GOPR1610.mp4","20.14","626.50","49.96","-576.53","-92.02","h264"
"E:\Fotos\Canarias 2016\Go Pro\GOPR1612.mp4","6.01","183.14","14.61","-168.53","-92.02","h264"
"E:\Fotos\Canarias 2016\Go Pro\GOPR1613.mp4","5.14","163.83","12.46","-151.37","-92.39","h264"
"E:\Fotos\Canarias 2016\Go Pro\GOPR1616.mp4","15.94","525.79","42.26","-483.53","-91.96","h264"
"E:\Fotos\Canarias 2016\Go Pro\GOPR1619.mp4","20.93","646.62","52.20","-594.43","-91.93","h264"
"E:\Fotos\Canarias 2016\Go Pro\GOPR1621.mp4","29.55","923.39","74.67","-848.72","-91.91","h264"
"E:\Fotos\Canarias 2016\Go Pro\GOPR1623.mp4","14.58","433.04","34.35","-398.69","-92.07","h264"
"E:\Fotos\Canarias 2016\Go Pro\GOPR1624.mp4","6.51","187.45","15.43","-172.02","-91.77","h264"
"E:\Fotos\Canarias 2016\Go Pro\GOPR1658.mp4","5.25","155.57","12.64","-142.93","-91.88","h264"
"E:\Fotos\Canarias 2016\Go Pro\GOPR1714.mp4","5.12","143.64","11.23","-132.41","-92.18","h264"
"E:\Fotos\Canarias 2016\Go Pro\GOPR1737.mp4","5.43","162.66","12.92","-149.74","-92.06","h264"
"E:\Fotos\London 2015\uk mp4\20150211_101052.mp4","3.90","195.57","27.13","-168.44","-86.13","h264"
"E:\Fotos\London 2015\uk mp4\20150211_183246.mp4","2.49","119.56","16.97","-102.59","-85.81","h264"
"E:\Fotos\London 2015\uk mp4\20150212_185915.mp4","2.30","102.96","13.43","-89.54","-86.96","h264"
"E:\Fotos\London 2015\uk mp4\20150212_190209.mp4","6.46","302.31","40.40","-261.90","-86.63","h264"
"E:\Fotos\London 2015\uk mp4\20150214_170921.mp4","3.48","157.20","22.05","-135.15","-85.97","h264"
"E:\Fotos\London 2015\uk mp4\20150214_200654.mp4","2.83","123.68","17.42","-106.27","-85.92","h264"
"E:\Fotos\London 2015\uk mp4\20150215_112830.mp4","2.69","112.80","15.44","-97.36","-86.31","h264"
"E:\Fotos\London 2015\uk mp4\20150215_113102.mp4","2.35","102.42","14.06","-88.37","-86.28","h264"
"E:\Fotos\London 2015\uk mp4\20150215_114329.mp4","2.40","104.10","14.69","-89.42","-85.89","h264"
"E:\Fotos\London 2015\uk mp4\20150215_114849.mp4","7.63","364.87","50.22","-314.65","-86.24","h264"
"E:\Fotos\London 2015\uk mp4\20150215_130648.mp4","4.70","214.49","29.70","-184.79","-86.15","h264"
"E:\Fotos\London 2015\uk mp4\20150215_130837.mp4","4.28","187.33","26.32","-161.00","-85.95","h264"
"E:\Fotos\London 2015\uk mp4\20150215_173925.mp4","6.27","334.61","46.57","-288.04","-86.08","h264"
"E:\Fotos\London 2015\uk mp4\20150215_181042.mp4","2.36","105.38","14.03","-91.35","-86.68","h264"
"E:\Fotos\London 2015\uk mp4\20150215_215236.mp4","4.44","189.91","26.18","-163.73","-86.21","h264"
"E:\Fotos\London 2015\uk mp4\20150215_223355.mp4","2.58","112.43","15.12","-97.31","-86.55","h264"
"E:\Fotos\London 2015\uk mp4\20150215_224520.mp4","3.60","164.11","22.52","-141.59","-86.28","h264"
"E:\Fotos\London 2015\uk mp4\Como dar o No de gravata Windsor.mp4","10.14","141.78","77.51","-64.27","-45.33","h264"
"E:\Fotos\London 2015\uk mp4\Junior Developer 101_ Tips for How to Score a Job.mp4","33.37","314.87","565.06","+250.19","+79.46","h264"
"E:\Fotos\Marrocos\DJI_0498.mp4","2.77","140.61","8.08","-132.53","-94.25","h264"
"E:\Fotos\Marrocos\DRONE\DJI_0355 1.mp4","13.04","368.62","52.65","-315.97","-85.72","h264"
"E:\Fotos\Marrocos\DRONE\DJI_0355.mp4","14.01","858.13","52.47","-805.66","-93.89","h264"
"E:\Fotos\Marrocos\DRONE\DJI_0357.mp4","21.99","1427.09","88.31","-1338.78","-93.81","h264"
"E:\Fotos\Marrocos\DRONE\DJI_0358.mp4","9.55","571.80","35.17","-536.63","-93.85","h264"
"E:\Fotos\Marrocos\DRONE\DJI_0374 1.mp4","8.35","300.03","43.51","-256.52","-85.50","h264"
"E:\Fotos\Marrocos\DRONE\DJI_0374.mp4","10.54","701.05","43.53","-657.51","-93.79","h264"
"E:\Fotos\Marrocos\DRONE\DJI_0375.mp4","17.13","1052.98","63.64","-989.34","-93.96","h264"
"E:\Fotos\Marrocos\DRONE\DJI_0376 1.mp4","10.64","328.34","46.81","-281.53","-85.74","h264"
"E:\Fotos\Marrocos\DRONE\DJI_0376.mp4","13.12","766.29","46.78","-719.50","-93.90","h264"
"E:\Fotos\Marrocos\DRONE\DJI_0377 1.mp4","5.48","180.61","25.57","-155.04","-85.84","h264"
"E:\Fotos\Marrocos\DRONE\DJI_0377.mp4","6.91","422.38","25.44","-396.94","-93.98","h264"
"E:\Fotos\Marrocos\DRONE\DJI_0378.mp4","2.30","117.92","7.36","-110.56","-93.76","h264"
"E:\Fotos\Marrocos\DRONE\DJI_0386.mp4","3.87","247.73","14.30","-233.43","-94.23","h264"
"E:\Fotos\Marrocos\DRONE\DJI_0392.mp4","7.94","547.51","37.78","-509.73","-93.10","h264"
"E:\Fotos\Marrocos\DRONE\DJI_0424.mp4","4.92","325.30","19.63","-305.68","-93.97","h264"
"E:\Fotos\Marrocos\DRONE\DJI_0429.mp4","1.97","108.69","6.90","-101.79","-93.65","h264"
"E:\Fotos\Marrocos\DRONE\DJI_0441.mp4","9.98","604.26","38.18","-566.07","-93.68","h264"
"E:\Fotos\Marrocos\DRONE\DJI_0444 1.mp4","8.68","300.93","42.82","-258.11","-85.77","h264"
"E:\Fotos\Marrocos\DRONE\DJI_0444.mp4","10.80","689.24","42.89","-646.35","-93.78","h264"
"E:\Fotos\Marrocos\DRONE\DJI_0465 1.mp4","7.36","279.61","39.29","-240.32","-85.95","h264"
"E:\Fotos\Marrocos\DRONE\DJI_0465.mp4","8.80","626.20","39.68","-586.52","-93.66","h264"
"E:\Fotos\Marrocos\DRONE\DJI_0473.mp4","2.11","119.49","7.23","-112.26","-93.95","h264"
"E:\Fotos\Marrocos\DRONE\DJI_0474.mp4","1.88","115.60","7.33","-108.27","-93.66","h264"
"E:\Fotos\Marrocos\DRONE\DJI_0475 1.mp4","10.75","408.33","57.34","-350.99","-85.96","h264"
"E:\Fotos\Marrocos\DRONE\DJI_0475.mp4","14.12","954.58","57.50","-897.08","-93.98","h264"
"E:\Fotos\Marrocos\DRONE\DJI_0476.mp4","13.30","916.86","55.62","-861.25","-93.93","h264"
"E:\Fotos\Marrocos\DRONE\DJI_0496.mp4","3.00","172.60","10.36","-162.24","-94.00","h264"
"E:\Fotos\Marrocos\DRONE\DJI_0497.mp4","2.74","141.55","8.95","-132.59","-93.67","h264"
"E:\Fotos\Marrocos\DRONE\DJI_0498.mp4","2.70","140.61","8.08","-132.53","-94.25","h264"
"E:\Fotos\Marrocos\DRONE\DJI_0499.mp4","3.92","207.73","12.63","-195.10","-93.92","h264"
"E:\Fotos\Marrocos\DRONE\DJI_0500.mp4","2.27","119.74","7.44","-112.30","-93.79","h264"
"E:\Fotos\Marrocos\DRONE\DJI_0501.mp4","5.46","319.53","18.76","-300.77","-94.13","h264"
"E:\Fotos\Marrocos\DRONE\DJI_0502.mp4","7.92","465.45","28.31","-437.14","-93.92","h264"
"E:\Fotos\Marrocos\DRONE\DJI_0503.mp4","9.36","538.34","32.83","-505.50","-93.90","h264"
"E:\Fotos\Marrocos\DRONE\DJI_0505.mp4","9.18","500.46","31.08","-469.38","-93.79","h264"
"E:\Fotos\Marrocos\DRONE\DJI_0514 1.mp4","3.84","144.44","20.64","-123.80","-85.71","h264"
"E:\Fotos\Marrocos\DRONE\DJI_0514.mp4","4.94","337.94","20.60","-317.35","-93.91","h264"
"E:\Fotos\Marrocos\DRONE\DJI_0515.mp4","7.45","517.39","31.15","-486.24","-93.98","h264"
"E:\Fotos\Marrocos\DRONE\DJI_0516.mp4","4.41","294.85","17.94","-276.91","-93.92","h264"
"E:\Fotos\Marrocos\DRONE\DJI_0517.mp4","13.51","931.85","56.46","-875.39","-93.94","h264"
"E:\Fotos\Marrocos\DRONE\DJI_0518 1.mp4","5.74","219.95","30.72","-189.23","-86.03","h264"
"E:\Fotos\Marrocos\DRONE\DJI_0518.mp4","7.43","514.61","31.03","-483.58","-93.97","h264"
"E:\Fotos\Marrocos\DRONE\DJI_0519.mp4","3.01","189.21","11.50","-177.72","-93.92","h264"
"E:\Fotos\Marrocos\DRONE\DJI_0520 1.mp4","4.59","174.40","24.09","-150.32","-86.19","h264"
"E:\Fotos\Marrocos\DRONE\DJI_0520.mp4","6.23","408.36","24.41","-383.95","-94.02","h264"
"E:\Fotos\Marrocos\DRONE\DJI_0522 1.mp4","10.39","399.30","56.56","-342.74","-85.83","h264"
"E:\Fotos\Marrocos\DRONE\DJI_0522.mp4","13.64","931.58","56.69","-874.89","-93.91","h264"
"E:\Fotos\Marrocos\DRONE\DJI_0525 1.mp4","27.59","1019.04","140.94","-878.10","-86.17","h264"
"E:\Fotos\Marrocos\DRONE\DJI_0525.mp4","33.07","2072.59","141.91","-1930.68","-93.15","h264"
"E:\Fotos\Marrocos\DRONE\O meu filme 47.mp4","4.13","104.08","16.42","-87.66","-84.22","h264"
"E:\Fotos\Marrocos\DRONE\O meu filme 51.mp4","3.40","101.72","13.90","-87.82","-86.34","h264"
"E:\Fotos\Marrocos\DRONE\O meu filme 56.mp4","2.83","101.17","14.49","-86.68","-85.68","h264"
"E:\Fotos\Marrocos\DRONE\O meu filme 57 1.mp4","2.79","106.14","13.95","-92.19","-86.85","h264"
"E:\Fotos\Marrocos\DRONE\O meu filme 57.mp4","3.63","134.72","18.58","-116.13","-86.21","h264"
"E:\Fotos\Marrocos\TELEMOVEL BERNARDO\IMG_5742.mp4","5.84","159.97","17.18","-142.79","-89.26","h264"
"E:\Fotos\Marrocos\TELEMOVEL BERNARDO\IMG_5743.mp4","9.35","275.31","29.54","-245.77","-89.27","h264"
"E:\Fotos\Marrocos\TELEMOVEL BERNARDO\IMG_5776.mp4","9.18","274.72","29.01","-245.70","-89.44","h264"
"E:\Fotos\Marrocos\TELEMOVEL BERNARDO\IMG_5810.mp4","12.10","346.61","34.98","-311.63","-89.91","h264"
"E:\Fotos\Marrocos\TELEMOVEL BERNARDO\IMG_5820.mp4","8.74","267.58","28.21","-239.37","-89.46","h264"
"E:\Fotos\Marrocos\TELEMOVEL BERNARDO\IMG_5850.mp4","4.10","142.35","20.45","-121.90","-85.63","h264"
"E:\Fotos\Marrocos\TELEMOVEL BERNARDO\IMG_5851.mp4","4.37","168.47","27.44","-141.03","-83.71","h264"
"E:\Fotos\Marrocos\TELEMOVEL BERNARDO\IMG_5852.mp4","12.08","445.92","67.07","-378.84","-84.96","h264"
"E:\Fotos\Marrocos\TELEMOVEL BERNARDO\IMG_5945.mp4","5.67","164.53","17.31","-147.22","-89.48","h264"
"E:\Fotos\Marrocos\TELEMOVEL BERNARDO\IMG_5946.mp4","22.94","667.54","69.59","-597.95","-89.58","h264"
"E:\Fotos\Marrocos\TELEMOVEL BERNARDO\IMG_5948.mp4","7.72","225.82","23.00","-202.82","-89.81","h264"
"E:\Fotos\Marrocos\TELEMOVEL BERNARDO\IMG_5952.mp4","9.15","279.91","29.91","-250.00","-89.31","h264"
"E:\Fotos\Marrocos\TELEMOVEL BERNARDO\IMG_6015.mp4","4.36","118.17","12.82","-105.35","-89.15","h264"
"E:\Fotos\Marrocos\TELEMOVEL BERNARDO\IMG_6016.mp4","6.82","180.29","18.88","-161.41","-89.53","h264"
"E:\Fotos\Marrocos\TELEMOVEL BERNARDO\IMG_6018.mp4","8.54","240.65","25.34","-215.31","-89.47","h264"
"E:\Fotos\Marrocos\TELEMOVEL BERNARDO\IMG_6037.mp4","6.93","197.41","20.82","-176.59","-89.45","h264"
"E:\Fotos\Marrocos\TELEMOVEL BERNARDO\IMG_6112.mp4","5.60","178.85","19.04","-159.81","-89.35","h264"
"E:\Fotos\Marrocos\TELEMOVEL BERNARDO\IMG_6125.mp4","5.91","163.75","17.49","-146.26","-89.32","h264"
"E:\Fotos\Marrocos\TELEMOVEL BERNARDO\IMG_6134.mp4","6.97","193.76","20.29","-173.48","-89.53","h264"
"E:\Fotos\Marrocos\TELEMOVEL BERNARDO\IMG_6206.mp4","7.21","203.48","20.71","-182.76","-89.82","h264"
"E:\Fotos\Marrocos\TELEMOVEL BERNARDO\IMG_6212.mp4","6.79","202.62","21.37","-181.25","-89.45","h264"
"E:\Fotos\Marrocos\TELEMOVEL BERNARDO\IMG_6213.mp4","5.45","167.10","17.58","-149.52","-89.48","h264"
"E:\Fotos\Marrocos\TELEMOVEL BERNARDO\IMG_6214.mp4","5.39","163.56","16.70","-146.86","-89.79","h264"
"E:\Fotos\Marrocos\TELEMOVEL BERNARDO\IMG_6222.mp4","3.87","113.16","12.34","-100.82","-89.09","h264"
"E:\Fotos\Marrocos\TELEMOVEL BERNARDO\IMG_6225.mp4","7.23","211.99","23.01","-188.98","-89.15","h264"
"E:\Fotos\Marrocos\TELEMOVEL BERNARDO\IMG_6242.mp4","6.66","208.42","22.05","-186.37","-89.42","h264"
"E:\Fotos\Marrocos\TELEMOVEL BERNARDO\IMG_6245.mp4","5.40","148.40","15.53","-132.87","-89.53","h264"
"E:\Fotos\Marrocos\TELEMOVEL BERNARDO\IMG_6248.mp4","6.51","189.72","19.90","-169.82","-89.51","h264"
"E:\Fotos\Marrocos\TELEMOVEL BERNARDO\IMG_6256.mp4","7.65","223.54","23.55","-199.99","-89.47","h264"
"E:\Fotos\Marrocos\TELEMOVEL BERNARDO\IMG_6258.mp4","5.27","150.28","15.84","-134.44","-89.46","h264"
"E:\Fotos\Marrocos\TELEMOVEL BERNARDO\IMG_6260.mp4","12.69","380.62","39.33","-341.29","-89.67","h264"
"E:\Fotos\Marrocos\TELEMOVEL BERNARDO\IMG_6265.mp4","5.97","179.80","19.13","-160.67","-89.36","h264"
"E:\Fotos\Marrocos\TELEMOVEL BERNARDO\IMG_6282.mp4","9.48","294.29","31.31","-262.98","-89.36","h264"
"E:\Fotos\Marrocos\TELEMOVEL BERNARDO\IMG_6307.mp4","10.36","137.14","14.54","-122.60","-89.40","h264"
"E:\Fotos\Marrocos\TELEMOVEL BERNARDO\IMG_6324.mp4","3.87","106.85","12.87","-93.97","-87.95","h264"
"E:\Fotos\Marrocos\TELEMOVEL BERNARDO\IMG_6325.mp4","23.33","924.87","145.18","-779.68","-84.30","h264"
"E:\Fotos\Marrocos\TELEMOVEL BERNARDO\IMG_6380.mp4","6.67","187.20","19.91","-167.29","-89.36","h264"
"E:\Fotos\Marrocos\TELEMOVEL BERNARDO\IMG_6381.mp4","6.62","193.84","20.14","-173.70","-89.61","h264"
"E:\Fotos\Marrocos\TELEMOVEL BERNARDO\IMG_6394.mp4","11.71","327.20","35.02","-292.18","-89.30","h264"
"E:\Fotos\Marrocos\TELEMOVEL BERNARDO\IMG_6406.mp4","11.06","321.54","33.74","-287.80","-89.51","h264"
"E:\Fotos\Marrocos\TELEMOVEL BERNARDO\IMG_6413.mp4","11.70","361.31","39.03","-322.28","-89.20","h264"
"E:\Fotos\Marrocos\TELEMOVEL BERNARDO\IMG_6419.mp4","8.86","260.90","27.83","-233.07","-89.33","h264"
"E:\Fotos\Marrocos\TELEMOVEL BERNARDO\IMG_6420.mp4","5.66","158.45","17.18","-141.27","-89.16","h264"
"E:\Fotos\Marrocos\TELEMOVEL BERNARDO\IMG_6422.mp4","5.77","164.38","17.70","-146.68","-89.23","h264"
"E:\Fotos\Marrocos\TELEMOVEL BERNARDO\IMG_6423.mp4","8.76","265.85","27.73","-238.12","-89.57","h264"
"E:\Fotos\Marrocos\TELEMOVEL BERNARDO\IMG_6432.mp4","6.22","184.47","19.63","-164.84","-89.36","h264"
"E:\Fotos\Marrocos\TELEMOVEL BERNARDO\IMG_6433.mp4","7.32","219.97","23.96","-196.02","-89.11","h264"
"E:\Fotos\Marrocos\TELEMOVEL BERNARDO\IMG_6440.mp4","38.97","1125.03","133.52","-991.51","-88.13","h264"
"E:\Fotos\Marrocos\TELEMOVEL BERNARDO\IMG_6452.mp4","6.16","184.01","19.46","-164.54","-89.42","h264"
"E:\Fotos\Marrocos\TELEMOVEL BERNARDO\IMG_6457.mp4","9.78","136.90","13.91","-122.99","-89.84","h264"
"E:\Fotos\Marrocos\TELEMOVEL BERNARDO\IMG_6465.mp4","3.77","137.51","21.82","-115.69","-84.13","h264"
"E:\Fotos\Marrocos\TELEMOVEL BERNARDO\IMG_6512.mp4","6.62","197.42","22.32","-175.10","-88.70","h264"
"E:\Fotos\Marrocos\TELEMOVEL BERNARDO\IMG_6548.mp4","5.81","167.00","17.49","-149.51","-89.53","h264"
"E:\Fotos\Marrocos\TELEMOVEL BERNARDO\IMG_6549.mp4","11.86","358.66","38.22","-320.44","-89.34","h264"
"E:\Fotos\Marrocos\TELEMOVEL BERNARDO\IMG_6552.mp4","10.52","310.55","31.65","-278.90","-89.81","h264"
"E:\Fotos\Marrocos\TELEMOVEL BERNARDO\IMG_6555.mp4","11.47","346.40","34.92","-311.48","-89.92","h264"
"E:\Fotos\Marrocos\TELEMOVEL BERNARDO\IMG_6562.mp4","7.04","192.70","21.86","-170.84","-88.66","h264"
"E:\Fotos\Marrocos\TELEMOVEL BERNARDO\IMG_6563.mp4","7.36","275.09","42.79","-232.29","-84.44","h264"
"E:\Fotos\Marrocos\TELEMOVEL BERNARDO\IMG_6583.mp4","9.30","276.49","28.99","-247.50","-89.52","h264"
"E:\Fotos\Marrocos\TELEMOVEL BERNARDO\IMG_6606.mp4","8.10","236.59","25.66","-210.93","-89.15","h264"
"E:\Fotos\Marrocos\TELEMOVEL BERNARDO\IMG_6608.mp4","11.77","360.38","37.93","-322.45","-89.48","h264"
"E:\Fotos\Marrocos\TELEMOVEL BERNARDO\IMG_6611.mp4","12.56","379.29","30.57","-348.72","-91.94","h264"
"E:\Fotos\Marrocos\TELEMOVEL BERNARDO\IMG_6618.mp4","26.28","813.10","83.94","-729.16","-89.68","h264"
"E:\Fotos\Marrocos\TELEMOVEL BERNARDO\IMG_6619.mp4","9.08","261.76","27.75","-234.00","-89.40","h264"
"E:\Fotos\Marrocos\TELEMOVEL BERNARDO\IMG_6644.mp4","10.37","309.34","31.20","-278.14","-89.91","h264"
"E:\Fotos\Marrocos\TELEMOVEL BERNARDO\IMG_6646.mp4","4.62","134.34","13.81","-120.53","-89.72","h264"
"E:\Fotos\Marrocos\TELEMOVEL BERNARDO\IMG_6648.mp4","24.65","758.59","78.44","-680.15","-89.66","h264"
"E:\Fotos\Marrocos\TELEMOVEL BERNARDO\IMG_6675.mp4","6.46","192.30","20.38","-171.92","-89.40","h264"
"E:\Fotos\Marrocos\TELEMOVEL BERNARDO\IMG_6732.mp4","5.12","136.59","14.40","-122.19","-89.46","h264"
"E:\Fotos\Marrocos\TELEMOVEL BERNARDO\IMG_6733.mp4","41.39","1251.71","133.51","-1118.20","-89.33","h264"
"E:\Fotos\Marrocos\TELEMOVEL BERNARDO\IMG_6747.mp4","5.77","168.41","16.54","-151.87","-90.18","h264"
"E:\Fotos\Marrocos\TELEMOVEL BERNARDO\IMG_6751.mp4","8.63","258.01","26.42","-231.59","-89.76","h264"
"E:\Fotos\Marrocos\TELEMOVEL BERNARDO\IMG_6783.mp4","7.02","209.01","22.13","-186.88","-89.41","h264"
"E:\Fotos\Marrocos\TELEMOVEL BERNARDO\IMG_6854.mp4","6.94","172.20","17.21","-154.99","-90.00","h264"
"E:\Fotos\Marrocos\TELEMOVEL BERNARDO\IMG_6869.mp4","8.01","194.48","20.83","-173.65","-89.29","h264"
"E:\Fotos\Marrocos\TELEMOVEL BERNARDO\IMG_6877.mp4","4.12","108.48","11.58","-96.89","-89.32","h264"
"E:\Fotos\Marrocos\TELEMOVEL BERNARDO\IMG_6890.mp4","5.59","165.83","17.04","-148.79","-89.72","h264"
"E:\Fotos\Marrocos\TELEMOVEL BERNARDO\IMG_7235 1.mp4","5.52","161.55","16.37","-145.18","-89.87","h264"
"E:\Fotos\Marrocos\TELEMOVEL BERNARDO\IMG_7235.mp4","6.76","202.51","20.40","-182.11","-89.93","h264"
"E:\Fotos\Marrocos\TELEMOVEL BERNARDO\O meu filme 58 1.mp4","3.00","111.54","17.12","-94.42","-84.66","h264"
"E:\Fotos\Marrocos\TELEMOVEL BERNARDO\O meu filme 58.mp4","3.06","111.75","17.09","-94.66","-84.70","h264"
"E:\Fotos\modulo adicional vila moura\GOPR0001.mp4","4.42","174.01","26.64","-147.37","-84.69","h264"
"E:\Fotos\modulo adicional vila moura\GOPR0011 (2).mp4","2.85","113.02","17.25","-95.77","-84.74","h264"
"E:\Fotos\modulo adicional vila moura\GOPR0013.mp4","2.62","110.94","16.43","-94.51","-85.19","h264"
"E:\Fotos\modulo adicional vila moura\GOPR0017.mp4","3.03","128.60","19.00","-109.60","-85.23","h264"
"E:\Fotos\modulo adicional vila moura\GOPR0019.mp4","3.16","128.61","19.76","-108.86","-84.64","h264"
"E:\Fotos\modulo adicional vila moura\GOPR0020.mp4","2.65","104.49","15.51","-88.98","-85.16","h264"
"E:\Fotos\modulo adicional vila moura\espacos cofinados\GOPR0046.mp4","3.35","125.21","18.85","-106.36","-84.94","h264"
"E:\Fotos\modulo adicional vila moura\espacos cofinados\GOPR0048.mp4","5.99","235.75","35.52","-200.23","-84.93","h264"
"E:\Fotos\modulo adicional vila moura\espacos cofinados\GOPR0053.mp4","3.03","114.53","17.21","-97.32","-84.98","h264"
"E:\Fotos\modulo adicional vila moura\natacao equilibrio\GOPR0001.mp4","2.89","111.52","16.45","-95.08","-85.25","h264"
"E:\Fotos\modulo adicional vila moura\swell\GOPR0023.mp4","2.55","101.02","15.01","-86.01","-85.14","h264"
"E:\Fotos\modulo adicional vila moura\swell\GOPR0024.mp4","2.81","110.64","16.62","-94.03","-84.98","h264"
"E:\Fotos\Monchique\IMG_8097.mp4","4.00","100.22","10.64","-89.58","-89.38","h264"
"E:\Fotos\Monchique\IMG_8103.mp4","3.87","100.55","10.64","-89.91","-89.42","h264"
"E:\Fotos\Monchique\IMG_8104.mp4","15.81","453.61","47.20","-406.41","-89.60","h264"
"E:\Fotos\Monchique\IMG_8106.mp4","9.86","289.62","31.06","-258.56","-89.28","h264"
"E:\Fotos\Monchique\IMG_8107.mp4","4.64","138.54","14.62","-123.92","-89.44","h264"
"E:\Fotos\Monchique\IMG_8109.mp4","10.55","285.25","30.74","-254.51","-89.22","h264"
"E:\Fotos\Note 8 Dez 2018 Backup\DCIM Camera\20181014_194745.mp4","2.74","101.03","17.01","-84.02","-83.16","h264"
"E:\Fotos\Note 8 Dez 2018 Backup\DCIM Camera\20181025_204535.mp4","10.81","435.58","73.57","-362.01","-83.11","h264"
"E:\Fotos\Old Memories\Mano\100KM863\100_0627.mov","2.87","104.99","37.69","-67.30","-64.10","mjpeg"
"E:\Fotos\Old Memories\Mano\100KM863\100_0683.mov","7.84","291.31","105.19","-186.12","-63.89","mjpeg"
"E:\Fotos\Old Memories\Mano\fotos antigas\variadas fotos antigas\Cancun 03-2008\100OLYMP\P3090527.mp4","3.26","111.72","31.14","-80.58","-72.13","mjpeg"
"E:\Fotos\OUTUBRO 2023\IMG_0348.mp4","5.50","147.62","16.60","-131.02","-88.75","h264"
"E:\Fotos\OUTUBRO 2023\IMG_5793.mp4","4.11","117.78","12.49","-105.29","-89.39","h264"
"E:\Fotos\OUTUBRO 2023\IMG_5969.mp4","5.97","170.05","15.66","-154.39","-90.79","h264"
"E:\Fotos\OUTUBRO 2023\IMG_6127.mp4","3.96","113.45","11.80","-101.64","-89.60","h264"
"E:\Fotos\OUTUBRO 2023\IMG_6868.mp4","5.39","136.31","14.35","-121.96","-89.47","h264"
"E:\Fotos\OUTUBRO 2023\IMG_9496.mp4","3.67","110.94","16.97","-93.97","-84.70","h264"
"E:\Fotos\OUTUBRO 2023\IMG_9497.mp4","5.30","136.81","14.18","-122.63","-89.63","h264"
"E:\Fotos\OUTUBRO 2023\IMG_9498.mp4","6.68","181.25","20.10","-161.15","-88.91","h264"
"E:\Fotos\Paris 2014\20141127_101937.mp4","5.14","199.37","10.48","-188.89","-94.74","h264"
"E:\Fotos\Paris 2014\20141127_102049.mp4","3.69","148.52","7.05","-141.46","-95.25","h264"
"E:\Fotos\Paris 2014\20141127_110554.mp4","10.85","454.66","24.67","-430.00","-94.57","h264"
"E:\Fotos\Paris 2014\20141127_111636.mp4","6.10","241.64","12.36","-229.28","-94.88","h264"
"E:\Fotos\Paris 2014\20141127_112413.mp4","22.21","966.77","50.50","-916.26","-94.78","h264"
"E:\Fotos\Paris 2014\20141127_113004.mp4","3.63","133.57","6.54","-127.04","-95.11","h264"
"E:\Fotos\Paris 2014\20141127_113114.mp4","3.17","124.37","6.20","-118.17","-95.01","h264"
"E:\Fotos\Paris 2014\20141127_113457.mp4","17.96","781.98","41.40","-740.58","-94.71","h264"
"E:\Fotos\Paris 2014\20141127_113741.mp4","4.50","171.64","8.11","-163.53","-95.28","h264"
"E:\Fotos\Paris 2014\20141127_113833.mp4","7.36","304.39","15.62","-288.77","-94.87","h264"
"E:\Fotos\Paris 2014\20141127_114147.mp4","15.91","679.97","35.68","-644.29","-94.75","h264"
"E:\Fotos\Paris 2014\20141127_114424.mp4","13.05","551.21","27.86","-523.35","-94.95","h264"
"E:\Fotos\Paris 2014\20141127_115258.mp4","3.27","124.07","6.03","-118.05","-95.14","h264"
"E:\Fotos\Paris 2014\20141127_124900.mp4","33.66","1465.95","76.61","-1389.34","-94.77","h264"
"E:\Fotos\Paris 2014\20141127_125410.mp4","39.75","1721.42","90.06","-1631.36","-94.77","h264"
"E:\Fotos\Paris 2014\20141127_125934.mp4","9.24","382.22","20.13","-362.08","-94.73","h264"
"E:\Fotos\Paris 2014\20141127_130235.mp4","11.57","482.99","25.40","-457.60","-94.74","h264"
"E:\Fotos\Paris 2014\20141127_130459.mp4","12.90","531.56","28.18","-503.38","-94.70","h264"
"E:\Fotos\Paris 2014\20141127_134048.mp4","14.71","607.09","31.56","-575.54","-94.80","h264"
"E:\Fotos\Paris 2014\20141127_211803.mp4","3.09","138.01","18.46","-119.55","-86.63","h264"
"E:\Fotos\Paris 2014\20141127_212640.mp4","6.55","316.86","40.61","-276.25","-87.18","h264"
"E:\Fotos\Paris 2014\20141128_112453.mp4","8.20","405.99","52.50","-353.49","-87.07","h264"
"E:\Fotos\Paris 2014\20141128_114221.mp4","7.17","333.48","43.61","-289.87","-86.92","h264"
"E:\Fotos\Paris 2014\20141128_114603.mp4","10.82","516.42","68.06","-448.36","-86.82","h264"
"E:\Fotos\Paris 2014\20141128_115530.mp4","2.78","127.53","16.26","-111.27","-87.25","h264"
"E:\Fotos\Paris 2014\20141128_141619.mp4","2.16","102.52","13.18","-89.34","-87.14","h264"
"E:\Fotos\Paris 2014\20141128_143931.mp4","23.56","387.67","56.54","-331.12","-85.41","h264"
"E:\Fotos\Paris 2014\20141128_161155.mp4","2.68","124.43","16.38","-108.06","-86.84","h264"
"E:\Fotos\Paris 2014\20141128_162043.mp4","7.25","115.30","16.56","-98.74","-85.63","h264"
"E:\Fotos\Paris 2014\20141128_162524.mp4","2.51","112.20","15.01","-97.20","-86.63","h264"
"E:\Fotos\Paris 2014\20141128_171328.mp4","5.66","295.11","38.31","-256.80","-87.02","h264"
"E:\Fotos\Paris 2014\20141128_171735.mp4","2.39","106.77","13.52","-93.25","-87.34","h264"
"E:\Fotos\Paris 2014\20141128_175318.mp4","2.88","134.38","17.76","-116.62","-86.79","h264"
"E:\Fotos\Paris 2014\20141128_215036.mp4","4.09","182.22","23.97","-158.25","-86.84","h264"
"E:\Fotos\Paris 2014\20141128_234344.mp4","4.73","243.65","31.96","-211.69","-86.88","h264"
"E:\Fotos\Paris 2014\20141129_104424.mp4","5.01","260.34","32.58","-227.76","-87.49","h264"
"E:\Fotos\Paris 2014\20141129_105638.mp4","6.86","336.74","43.52","-293.22","-87.08","h264"
"E:\Fotos\Paris 2014\20141129_110312.mp4","3.94","174.08","22.85","-151.23","-86.87","h264"
"E:\Fotos\Paris 2014\20141129_175423.mp4","2.52","121.42","15.86","-105.56","-86.94","h264"
"E:\Fotos\Paris 2014\20141129_175911.mp4","3.53","173.28","23.10","-150.18","-86.67","h264"
"E:\Fotos\Paris 2014\20141129_182907.mp4","2.48","119.31","16.38","-102.93","-86.27","h264"
"E:\Fotos\Paris 2014\20141129_195750.mp4","3.31","165.26","20.98","-144.28","-87.31","h264"
"E:\Fotos\Paris 2014\20141130_162823.mp4","4.72","245.17","32.48","-212.69","-86.75","h264"
"E:\Fotos\Paris 2014\20141130_164300.mp4","3.37","166.58","22.10","-144.48","-86.73","h264"
"E:\Fotos\Paris 2014\20141130_191826.mp4","3.09","138.72","17.97","-120.75","-87.05","h264"
"E:\Fotos\Paris 2014\20141201_122336.mp4","3.44","151.72","19.57","-132.15","-87.10","h264"
"E:\Fotos\Paris 2014\20141201_122527.mp4","20.11","960.71","125.21","-835.51","-86.97","h264"
"E:\Fotos\Paris 2014\20141201_152005.mp4","3.17","145.49","18.55","-126.94","-87.25","h264"
"E:\Fotos\Paris 2014\20141201_225335.mp4","6.36","330.32","42.29","-288.03","-87.20","h264"
"E:\Fotos\Paris 2014\20141202_114725.mp4","4.71","227.80","22.66","-205.13","-90.05","h264"
"E:\Fotos\Paris 2014\20141202_130850.mp4","5.54","250.59","32.74","-217.85","-86.94","h264"
"E:\Fotos\Paris 2014\20141202_132100.mp4","2.21","102.04","12.60","-89.44","-87.65","h264"
"E:\Fotos\Paris 2014\20141202_155700.mp4","12.44","632.11","82.11","-550.00","-87.01","h264"
"E:\Fotos\Paris 2014\20141202_160414.mp4","3.02","149.52","19.86","-129.66","-86.72","h264"
"E:\Fotos\Paris 2014\20141202_160609.mp4","3.27","161.31","20.79","-140.52","-87.11","h264"
"E:\Fotos\Paris 2014\20141202_164210.mp4","8.17","413.66","53.61","-360.04","-87.04","h264"
"E:\Fotos\Paris 2014\disney castelo e a volta.mp4","12.30","630.37","82.62","-547.75","-86.89","h264"
"E:\Fotos\Paris 2014\EL_20141129_183715.mp4","1.39","167.83","4.03","-163.80","-97.60","mpeg4"
"E:\Fotos\Passagem de Ano 2020-2021\IMG_0492.mp4","10.55","423.84","23.34","-400.50","-94.49","h264"
"E:\Fotos\SETEMBRO 2023\20230403_153257 1.mp4","3.36","110.20","18.50","-91.69","-83.21","h264"
"E:\Fotos\SETEMBRO 2023\20230403_153257.mp4","3.37","110.20","18.50","-91.69","-83.21","h264"
"E:\Fotos\SETEMBRO 2023\IMG_0583.mp4","4.73","114.69","17.89","-96.80","-84.40","h264"
"E:\Fotos\SETEMBRO 2023\IMG_0650.mp4","4.23","102.30","10.65","-91.65","-89.59","h264"
"E:\Fotos\SETEMBRO 2023\IMG_0683.mp4","24.49","588.61","61.86","-526.75","-89.49","h264"
"E:\Fotos\SETEMBRO 2023\IMG_0719.mp4","4.69","112.03","17.61","-94.42","-84.28","h264"
"E:\Fotos\SETEMBRO 2023\IMG_0792.mp4","25.30","580.89","61.76","-519.13","-89.37","h264"
"E:\Fotos\SETEMBRO 2023\IMG_0793.mp4","25.44","658.04","69.16","-588.88","-89.49","h264"
"E:\Fotos\SETEMBRO 2023\IMG_0795.mp4","30.93","879.55","91.95","-787.60","-89.55","h264"
"E:\Fotos\SETEMBRO 2023\IMG_0802.mp4","27.46","694.65","73.29","-621.36","-89.45","h264"
"E:\Fotos\SETEMBRO 2023\IMG_0838.mp4","35.45","854.87","91.53","-763.33","-89.29","h264"
"E:\Fotos\SETEMBRO 2023\IMG_3153.mp4","10.09","248.92","25.71","-223.21","-89.67","h264"
"E:\Fotos\SETEMBRO 2023\IMG_3302.mp4","6.99","160.70","18.41","-142.29","-88.55","h264"
"E:\Fotos\SETEMBRO 2023\IMG_3487.mp4","3.15","111.06","16.76","-94.30","-84.91","h264"
"E:\Fotos\SETEMBRO 2023\IMG_4040.mp4","7.29","156.31","16.19","-140.13","-89.65","h264"
"E:\Fotos\SETEMBRO 2023\IMG_4041.mp4","4.48","101.25","10.30","-90.95","-89.83","h264"
"E:\Fotos\SETEMBRO 2023\IMG_4078.mp4","3.64","127.82","19.61","-108.20","-84.66","h264"
"E:\Fotos\SETEMBRO 2023\IMG_4458.mp4","5.56","165.00","17.21","-147.78","-89.57","h264"
"E:\Fotos\SETEMBRO 2023\IMG_4930.mp4","5.99","134.07","13.83","-120.24","-89.68","h264"
"E:\Fotos\SETEMBRO 2023\IMG_6526.mp4","11.90","343.21","35.51","-307.70","-89.65","h264"
"E:\Fotos\SETEMBRO 2023\IMG_6552.mp4","10.63","310.55","31.65","-278.90","-89.81","h264"
"E:\Fotos\SETEMBRO 2023\IMG_8012.mp4","5.07","118.53","12.57","-105.96","-89.39","h264"
"E:\Fotos\SETEMBRO 2023\IMG_8015.mp4","13.39","331.51","36.93","-294.58","-88.86","h264"
"E:\Fotos\SETEMBRO 2023\IMG_8515.mp4","3.67","100.23","10.28","-89.95","-89.74","h264"
"E:\Fotos\SETEMBRO 2023\IMG_8668.mp4","4.20","103.89","10.81","-93.08","-89.60","h264"
"E:\Fotos\SETEMBRO 2023\IMG_8669.mp4","10.92","265.66","29.07","-236.59","-89.06","h264"
"E:\Fotos\SETEMBRO 2023\IMG_8671.mp4","19.77","500.96","53.56","-447.40","-89.31","h264"
"E:\Fotos\SETEMBRO 2023\IMG_9481.mp4","3.69","126.21","15.90","-110.31","-87.40","h264"
"E:\Fotos\SETEMBRO 2023\IMG_9499.mp4","13.84","367.77","41.64","-326.13","-88.68","h264"
"E:\Fotos\SETEMBRO 2023\IMG_9748.mp4","26.76","740.92","78.06","-662.85","-89.46","h264"
"E:\Fotos\SETEMBRO 2023\IMG_9749.mp4","18.16","562.90","59.49","-503.41","-89.43","h264"
"E:\Fotos\SETEMBRO 2023\IMG_9750.mp4","27.29","800.33","85.38","-714.95","-89.33","h264"
"E:\Fotos\SETEMBRO 2023\IMG_9751.mp4","23.20","727.99","77.34","-650.64","-89.38","h264"
"E:\Fotos\SETEMBRO 2023\IMG_9752.mp4","26.80","805.55","85.54","-720.02","-89.38","h264"
"E:\Fotos\SETEMBRO 2023\IMG_9853 1.mp4","9.22","276.74","28.61","-248.13","-89.66","h264"
"E:\Fotos\SETEMBRO 2023\IMG_9853.mp4","16.07","495.35","51.70","-443.65","-89.56","h264"
"E:\Fotos\SETEMBRO 2023\RPReplay_Final1658744214.mp4","7.00","181.74","16.68","-165.06","-90.82","h264"
"E:\Fotos\SETEMBRO 2023\RPReplay_Final1674051010.mp4","5.04","151.45","17.86","-133.59","-88.20","h264"
"E:\Fotos\SETEMBRO 2023\RPReplay_Final1678151988.mp4","3.50","106.49","11.24","-95.25","-89.44","h264"
"E:\Fotos\SETEMBRO 2023\ScreenRecording_09-20-2023 18-58-25_1.mp4","7.26","229.65","23.59","-206.06","-89.73","h264"
"E:\Fotos\Skydive - 15.11.07\15.11.07 - TD Bernardo Ascensao.mp4","6.03","692.96","68.87","-624.09","-90.06","mpeg2video"
"E:\Fotos\TELEMOVEL\Untitled.mp4","1.29","100.55","4.81","-95.74","-95.22","h264"
"E:\Fotos\TELEMOVEL\Ambiente Trabalho Agosto 2018\Camera\20180203_115550.mp4","8.95","315.23","53.66","-261.58","-82.98","h264"
"E:\Fotos\TELEMOVEL\Ambiente Trabalho Agosto 2018\DCIM\Game media\Clash Royale\Clash Royale_2017-12-02-03-53-25.mp4","10.45","274.22","79.91","-194.31","-70.86","h264"
"E:\Fotos\TELEMOVEL\Ambiente Trabalho Agosto 2018\DCIM\Game media\Clash Royale\Clash Royale_2017-12-02-04-23-13.mp4","10.56","272.86","81.45","-191.41","-70.15","h264"
"E:\Fotos\TELEMOVEL\Ambiente Trabalho Agosto 2018\DCIM\Game media\Clash Royale\Clash Royale_2018-01-08-14-28-06.mp4","9.73","255.51","72.68","-182.83","-71.56","h264"
"E:\Fotos\TELEMOVEL\Edge 6 Backup\20160821_022700.mp4","2.41","112.91","16.23","-96.68","-85.63","h264"
"E:\Fotos\TELEMOVEL\Edge 6 Backup\20160910_193452.mp4","1.66","109.77","5.63","-104.13","-94.87","h264"
"E:\Fotos\TELEMOVEL\Edge 6 Backup\20161001_183920.mp4","2.15","138.62","25.95","-112.67","-81.28","h264"
"E:\Fotos\TELEMOVEL\Edge S6 Abril 2017\Camera\20161219_022816.mp4","5.31","227.58","31.33","-196.25","-86.23","h264"
"E:\Fotos\TELEMOVEL\Edge S6 Abril 2017\Camera\20170111_120345.mp4","1.71","115.87","5.98","-109.90","-94.84","h264"
"E:\Fotos\TELEMOVEL\Edge S6 Abril 2017\Camera\20170217_042754.mp4","1.89","115.83","21.85","-93.98","-81.14","h264"
"E:\Fotos\TELEMOVEL\Edge S6 Abril 2017\Camera\20170217_043008.mp4","2.87","201.46","37.85","-163.62","-81.21","h264"
"E:\Fotos\TELEMOVEL\Edge S6 Abril 2017\Camera\20170306_223709.mp4","5.83","438.05","84.13","-353.92","-80.79","h264"
"E:\Fotos\TELEMOVEL\Edge S6 Abril 2017\Camera\20170322_154425.mp4","12.34","861.75","159.95","-701.80","-81.44","h264"
"E:\Fotos\TELEMOVEL\Edge S6 Abril 2017\Camera\20170329_224724.mp4","3.04","138.77","19.56","-119.21","-85.90","h264"
"E:\Fotos\TELEMOVEL\Edge S6 Abril 2017\Camera\20170330_223050.mp4","2.94","191.65","36.82","-154.82","-80.79","h264"
"E:\Fotos\TELEMOVEL\Edge S6 Abril 2017\Camera\20170404_235958.mp4","3.83","255.94","49.05","-206.89","-80.83","h264"
"E:\Fotos\TELEMOVEL\Edge S6 Janeiro 2014\2014-05-10 00.38.22.mp4","8.57","352.68","18.85","-333.83","-94.65","h264"
"E:\Fotos\TELEMOVEL\Edge S6 Janeiro 2014\2014-05-10 02.45.27.mp4","9.41","423.94","22.04","-401.90","-94.80","h264"
"E:\Fotos\TELEMOVEL\Edge S6 Janeiro 2014\2014-06-27 20.04.32.mp4","3.45","143.18","7.32","-135.85","-94.88","h264"
"E:\Fotos\TELEMOVEL\Edge S6 Janeiro 2014\2014-06-30 16.49.33.mp4","5.56","195.88","9.49","-186.39","-95.16","h264"
"E:\Fotos\TELEMOVEL\Edge S6 Janeiro 2014\2014-06-30 21.27.02.mp4","5.02","225.80","10.02","-215.78","-95.56","h264"
"E:\Fotos\TELEMOVEL\Edge S6 Janeiro 2014\2014-06-30 21.29.16.mp4","4.26","184.22","9.13","-175.09","-95.05","h264"
"E:\Fotos\TELEMOVEL\Edge S6 Janeiro 2014\2014-06-30 21.31.41.mp4","4.93","218.81","11.41","-207.40","-94.78","h264"
"E:\Fotos\TELEMOVEL\Edge S6 Janeiro 2014\2014-07-16 17.13.58.mp4","11.70","514.55","27.06","-487.49","-94.74","h264"
"E:\Fotos\TELEMOVEL\Edge S6 Janeiro 2014\2014-08-15 01.52.06.mp4","4.34","169.12","8.75","-160.36","-94.83","h264"
"E:\Fotos\TELEMOVEL\Edge S6 Janeiro 2014\2014-08-15 07.37.20.mp4","4.91","189.56","10.26","-179.30","-94.59","h264"
"E:\Fotos\TELEMOVEL\Edge S6 Janeiro 2014\20141231_235807.mp4","6.67","314.61","41.00","-273.60","-86.97","h264"
"E:\Fotos\TELEMOVEL\Edge S6 Janeiro 2016\Camera\20151025_085356.mp4","2.96","136.24","19.31","-116.94","-85.83","h264"
"E:\Fotos\TELEMOVEL\Edge S6 Janeiro 2016\Camera\20151028_235108.mp4","825.92","108.53","108.60","+0.07","+0.07","h264"
"E:\Fotos\TELEMOVEL\Edge S6 Janeiro 2016\Camera\20151123_212957.mp4","4.07","293.49","56.23","-237.27","-80.84","h264"
"E:\Fotos\TELEMOVEL\Edge S6 Janeiro 2016\Camera\20151224_165552.mp4","3.29","213.47","40.31","-173.17","-81.12","h264"
"E:\Fotos\TELEMOVEL\Edge S6 Janeiro 2016\Camera\20151224_165834.mp4","4.12","280.93","53.42","-227.51","-80.99","h264"
"E:\Fotos\TELEMOVEL\Edge S6 Janeiro 2016\Camera\20151224_170157.mp4","3.08","227.22","42.95","-184.26","-81.10","h264"
"E:\Fotos\TELEMOVEL\Edge S6 Julho 2016\Camera\20160617_173048.mp4","3.52","225.67","44.19","-181.47","-80.42","h264"
"E:\Fotos\TELEMOVEL\Edge S6 Julho 2016\Camera\20160718_204534.mp4","2.91","213.84","41.03","-172.81","-80.81","h264"
"E:\Fotos\TELEMOVEL\Edge S6 Julho 2016\com.gopro.smarty\GoPro\GOPR1095_1464679494785_high.mp4","14.93","474.48","36.73","-437.75","-92.26","h264"
"E:\Fotos\TELEMOVEL\Edge S6 Julho 2016\com.gopro.smarty\GoPro\GOPR1106_1467196855621_high.mp4","6.79","229.38","17.81","-211.57","-92.24","h264"
"E:\Fotos\TELEMOVEL\Edge S6 Julho 2016\com.gopro.smarty\GoPro\GOPR1107_1467196855621_high.mp4","9.88","338.34","26.58","-311.77","-92.14","h264"
"E:\Fotos\TELEMOVEL\Edge S6 Outubro 2016\DCIM\Camera\GOPR1471.mp4","21.38","753.96","60.15","-693.81","-92.02","h264"
"E:\Fotos\TELEMOVEL\Edge S6 Outubro 2016\DCIM\Camera\GOPR1472.mp4","7.52","252.20","19.94","-232.26","-92.09","h264"
"E:\Fotos\TELEMOVEL\Edge S6 Outubro 2016\DCIM\Camera\GOPR1540.mp4","6.23","218.34","16.89","-201.45","-92.27","h264"
"E:\Fotos\TELEMOVEL\Edge S6 Outubro 2016\DCIM\Camera\GOPR1546.mp4","7.13","254.78","19.81","-234.98","-92.23","h264"
"E:\Fotos\TELEMOVEL\Edge S6 Outubro 2016\DCIM\Camera\GOPR1553.mp4","9.10","318.82","24.51","-294.31","-92.31","h264"
"E:\Fotos\TELEMOVEL\Edge S6 Outubro 2016\DCIM\Camera\GOPR1562.mp4","13.75","418.10","31.27","-386.83","-92.52","h264"
"E:\Fotos\TELEMOVEL\Edge S6 Outubro 2016\DCIM\Camera\GOPR1564.mp4","8.01","263.06","21.08","-241.98","-91.99","h264"
"E:\Fotos\TELEMOVEL\Edge S6 Outubro 2016\DCIM\Camera\GOPR1571.mp4","7.53","251.25","19.42","-231.83","-92.27","h264"
"E:\Fotos\TELEMOVEL\Edge S6 Outubro 2016\DCIM\Camera\GOPR1577.mp4","51.67","1480.12","115.64","-1364.48","-92.19","h264"
"E:\Fotos\TELEMOVEL\Edge S6 Outubro 2016\DCIM\Camera\GOPR1578.mp4","11.17","394.04","30.27","-363.77","-92.32","h264"
"E:\Fotos\TELEMOVEL\Edge S6 Outubro 2016\DCIM\Camera\GOPR1579.mp4","32.67","1244.28","96.72","-1147.56","-92.23","h264"
"E:\Fotos\TELEMOVEL\Edge S6 Outubro 2016\DCIM\Camera\GOPR1580.mp4","28.21","1096.13","84.27","-1011.87","-92.31","h264"
"E:\Fotos\TELEMOVEL\Edge S6 Outubro 2016\DCIM\Camera\GOPR1582.mp4","6.88","264.69","20.90","-243.79","-92.10","h264"
"E:\Fotos\TELEMOVEL\Edge S6 Outubro 2016\DCIM\Camera\GOPR1584.mp4","28.11","1071.74","80.45","-991.29","-92.49","h264"
"E:\Fotos\TELEMOVEL\Edge S6 Outubro 2016\DCIM\Camera\GOPR1589.mp4","14.46","549.40","42.50","-506.90","-92.26","h264"
"E:\Fotos\TELEMOVEL\Edge S6 Outubro 2016\DCIM\Camera\GOPR1590.mp4","10.00","362.55","27.77","-334.77","-92.34","h264"
"E:\Fotos\TELEMOVEL\Edge S6 Outubro 2016\DCIM\Camera\GOPR1591.mp4","18.46","615.03","46.98","-568.05","-92.36","h264"
"E:\Fotos\TELEMOVEL\Edge S6 Outubro 2016\DCIM\Camera\GOPR1592.mp4","8.41","283.52","21.96","-261.57","-92.26","h264"
"E:\Fotos\TELEMOVEL\Edge S6 Outubro 2016\DCIM\Camera\GOPR1596.mp4","14.38","445.67","34.66","-411.01","-92.22","h264"
"E:\Fotos\TELEMOVEL\Edge S6 Outubro 2016\DCIM\Camera\GOPR1608.mp4","21.94","671.69","53.31","-618.38","-92.06","h264"
"E:\Fotos\TELEMOVEL\Edge S6 Outubro 2016\DCIM\Camera\GOPR1610.mp4","20.18","626.50","49.96","-576.53","-92.02","h264"
"E:\Fotos\TELEMOVEL\Edge S6 Outubro 2016\DCIM\Camera\GOPR1616.mp4","16.45","525.79","42.26","-483.53","-91.96","h264"
"E:\Fotos\TELEMOVEL\Edge S6 Outubro 2016\DCIM\Camera\GOPR1619.mp4","21.67","646.62","52.20","-594.43","-91.93","h264"
"E:\Fotos\TELEMOVEL\Edge S6 Outubro 2016\DCIM\Camera\GOPR1621.mp4","29.92","923.39","74.67","-848.72","-91.91","h264"
"E:\Fotos\TELEMOVEL\Edge S6 Outubro 2016\DCIM\Camera\GOPR1623.mp4","14.08","433.04","34.35","-398.69","-92.07","h264"
"E:\Fotos\TELEMOVEL\Edge S6 Outubro 2016\Download\20151123_212957.mp4","4.41","293.49","56.23","-237.27","-80.84","h264"
"E:\Fotos\TELEMOVEL\Edge S6 Outubro 2016\Download\20160718_204534.mp4","3.26","213.84","41.03","-172.81","-80.81","h264"
"E:\Fotos\TELEMOVEL\JUNHO 2018\Camera\20180203_115550.mp4","9.54","315.23","53.66","-261.58","-82.98","h264"
"E:\Fotos\TELEMOVEL\SETEMBRO 2018\SETEMBRO 2018\Camera\Barco Quarteira\20180718_110117.mp4","6.20","229.97","38.14","-191.83","-83.42","h264"
"E:\Fotos\TELEMOVEL\SETEMBRO 2018\SETEMBRO 2018\Camera\Barco Quarteira\20180807_110313.mp4","9.26","364.22","59.66","-304.57","-83.62","h264"
"E:\Fotos\TELEMOVEL\SETEMBRO 2018\SETEMBRO 2018\Camera\Temp\20180819_003619.mp4","1226.72","242.07","184.42","-57.65","-23.82","h264"
"E:\Fotos\TELEMOVEL\SETEMBRO 2018\SETEMBRO 2018\motivartion\Instagram_2018-07-02-11-02-12.mp4","36.45","942.60","268.01","-674.60","-71.57","h264"
"E:\Fotos\TELEMOVEL\SETEMBRO 2018\SETEMBRO 2018\motivartion\Instagram_2018-07-17-10-10-41.mp4","17.48","445.79","125.51","-320.28","-71.85","h264"
"E:\Fotos\TELEMOVEL\SETEMBRO 2018\SETEMBRO 2018\motivartion\Instagram_2018-07-26-01-10-46.mp4","12.97","329.16","93.33","-235.83","-71.65","h264"
"E:\Fotos\TELEMOVEL\SETEMBRO 2018\SETEMBRO 2018\motivartion\Instagram_2018-07-28-14-25-35.mp4","13.82","347.72","98.35","-249.36","-71.72","h264"
"E:\Fotos\TELEMOVEL\SETEMBRO 2018\SETEMBRO 2018\motivartion\Instagram_2018-08-08-08-48-47.mp4","19.12","479.96","136.89","-343.06","-71.48","h264"
"E:\Fotos\TELEMOVEL\Temp\20150412_195547.mp4","6.32","263.94","36.94","-226.99","-86.00","h264"
"E:\Fotos\TELEMOVEL\Temp\ZORAKI 914 FULL AUTO blank pistol.mp4","17.29","254.18","271.85","+17.67","+6.95","h264"
"E:\Fotos\TELEMOVEL\temp galaxy\20150704_162345.mp4","5.16","326.29","61.91","-264.38","-81.03","h264"
"E:\Fotos\temp big gym\GOPR1095.mp4","15.16","474.70","36.73","-437.97","-92.26","h264"
"E:\Fotos\temp big gym\GOPR1102.mp4","14.03","432.22","32.47","-399.75","-92.49","h264"
"E:\Fotos\temp big gym\GOPR1103.mp4","13.10","397.73","30.88","-366.85","-92.24","h264"
"E:\Fotos\temp big gym\GOPR1104.mp4","19.54","618.81","49.17","-569.64","-92.05","h264"
"E:\Fotos\temp big gym\GOPR1105.mp4","20.60","660.79","52.25","-608.54","-92.09","h264"
"E:\Fotos\temp big gym 2\GOPR1095.mp4","14.40","474.70","36.73","-437.97","-92.26","h264"
"E:\Fotos\temp big gym 2\GOPR1102.mp4","13.45","432.22","32.47","-399.75","-92.49","h264"
"E:\Fotos\temp big gym 2\GOPR1103.mp4","12.67","397.73","30.88","-366.85","-92.24","h264"
"E:\Fotos\temp big gym 2\GOPR1104.mp4","19.05","618.81","49.17","-569.64","-92.05","h264"
"E:\Fotos\temp big gym 2\GOPR1105.mp4","20.19","660.79","52.25","-608.54","-92.09","h264"
"E:\Fotos\temp big gym 2\GOPR1106.mp4","6.80","229.38","17.81","-211.57","-92.24","h264"
"E:\Fotos\temp big gym 2\GOPR1107.mp4","9.70","338.34","26.58","-311.77","-92.14","h264"
"E:\Fotos\temp big gym 2\GOPR1124.mp4","7.88","249.02","19.56","-229.46","-92.15","h264"
"E:\Fotos\temp big gym 2\GOPR1125.mp4","14.94","493.56","38.61","-454.95","-92.18","h264"
"E:\Fotos\temp big gym 2\GOPR1126.mp4","16.73","597.45","46.60","-550.85","-92.20","h264"
"E:\Fotos\temp big gym 2\GOPR1148.mp4","15.25","545.59","43.46","-502.13","-92.03","h264"
"E:\Fotos\temp big gym 2\GOPR1149.mp4","7.80","271.16","21.08","-250.08","-92.23","h264"
"E:\Fotos\temp big gym 2\GOPR1155.mp4","10.52","361.32","28.59","-332.74","-92.09","h264"
"E:\Fotos\temp big gym 2\GOPR1156.mp4","16.66","586.97","45.52","-541.45","-92.25","h264"
"E:\Fotos\temp big gym 2\GOPR1169.mp4","8.07","266.84","20.17","-246.67","-92.44","h264"
"E:\Fotos\temp go pro 3\GOPR1460.mp4","5.18","217.32","8.10","-209.21","-96.27","h264"
"E:\Fotos\temp go pro 3\GOPR1461.mp4","7.33","310.93","12.59","-298.34","-95.95","h264"
"E:\Fotos\temp go pro 3\GOPR1464.mp4","7.98","348.16","13.54","-334.62","-96.11","h264"
"E:\Fotos\temp go pro 3\GOPR1465.mp4","5.82","246.67","9.65","-237.02","-96.09","h264"
"E:\Fotos\temp go pro 3\GOPR1466.mp4","8.45","368.46","14.78","-353.68","-95.99","h264"
"E:\Fotos\temp go pro 4\GOPR1471.mp4","21.01","753.96","60.15","-693.81","-92.02","h264"
"E:\Fotos\temp go pro 4\GOPR1472.mp4","7.26","252.20","19.94","-232.26","-92.09","h264"
"E:\Fotos\temp praia lourenco\GOPR1179.mp4","5.03","201.18","15.23","-185.95","-92.43","h264"
"E:\Fotos\temp praia lourenco\GOPR1190.mp4","6.74","216.21","16.68","-199.52","-92.28","h264"
"E:\Fotos\temp praia lourenco\GOPR1193.mp4","5.99","207.61","16.02","-191.59","-92.28","h264"
"E:\Fotos\temp praia lourenco\GOPR1197.mp4","19.59","737.85","57.74","-680.11","-92.17","h264"
"E:\Fotos\temp praia lourenco\GOPR1267.mp4","20.39","843.81","65.44","-778.37","-92.24","h264"
"E:\Fotos\temp praia lourenco\GOPR1451.mp4","9.95","371.52","28.76","-342.77","-92.26","h264"
"E:\Fotos\temp praia lourenco\GOPR1453.mp4","8.94","282.97","21.98","-260.99","-92.23","h264"